,name,kName,price,productCode,thumbnailUrl,exampleImageUrl,description,rating,stock,categoryId,createdAt
0,bonbons sucrés,봉봉 수크레,42.18320049178007,A0,https://images.unsplash.com/photo-1517705008128-361805f42e86?ixlib=rb-4.0.3&ixid=MnwxMjA3fDB8MHxzZWFyY2h8MjB8fGNoYWlyfGVufDB8fDB8fA%3D%3D&auto=format&fit=crop&w=500&q=60,https://images.unsplash.com/photo-1586023492125-27b2c045efd7?ixlib=rb-4.0.3&ixid=MnwxMjA3fDB8MHxzZWFyY2h8MTh8fGNoYWlyfGVufDB8fDB8fA%3D%3D&auto=format&fit=crop&w=500&q=60,"Same sister owner think term take how. Research or safe also involve sea dark. Lot go add knowledge approach unit.
Church activity mother now laugh. Until option research not.",5,0,1,2020-05-28 05:01:09.741575
1, somnolente, 솜노렁트,36.454964511398344,A1,https://images.unsplash.com/photo-1517705008128-361805f42e86?ixlib=rb-4.0.3&ixid=MnwxMjA3fDB8MHxzZWFyY2h8MjB8fGNoYWlyfGVufDB8fDB8fA%3D%3D&auto=format&fit=crop&w=500&q=60,https://images.unsplash.com/photo-1586023492125-27b2c045efd7?ixlib=rb-4.0.3&ixid=MnwxMjA3fDB8MHxzZWFyY2h8MTh8fGNoYWlyfGVufDB8fDB8fA%3D%3D&auto=format&fit=crop&w=500&q=60,Put kitchen guess lose security. Will produce modern modern manage analysis agreement.,3,7,1,2020-09-30 05:01:09.741575
2, épicée, 에피쎄,20.20511470888462,A2,https://images.unsplash.com/photo-1517705008128-361805f42e86?ixlib=rb-4.0.3&ixid=MnwxMjA3fDB8MHxzZWFyY2h8MjB8fGNoYWlyfGVufDB8fDB8fA%3D%3D&auto=format&fit=crop&w=500&q=60,https://images.unsplash.com/photo-1586023492125-27b2c045efd7?ixlib=rb-4.0.3&ixid=MnwxMjA3fDB8MHxzZWFyY2h8MTh8fGNoYWlyfGVufDB8fDB8fA%3D%3D&auto=format&fit=crop&w=500&q=60,Career fact sport admit more lawyer voice. Approach democratic main win themselves push just already. Notice argue herself clearly local sing friend.,4,6,1,2021-10-13 05:01:09.741575
3, chaussures, 쇼슈어,36.00654173928087,A3,https://images.unsplash.com/photo-1517705008128-361805f42e86?ixlib=rb-4.0.3&ixid=MnwxMjA3fDB8MHxzZWFyY2h8MjB8fGNoYWlyfGVufDB8fDB8fA%3D%3D&auto=format&fit=crop&w=500&q=60,https://images.unsplash.com/photo-1586023492125-27b2c045efd7?ixlib=rb-4.0.3&ixid=MnwxMjA3fDB8MHxzZWFyY2h8MTh8fGNoYWlyfGVufDB8fDB8fA%3D%3D&auto=format&fit=crop&w=500&q=60,"Always gas can six everyone value charge before. Forget mind investment issue true. Set increase seem we after.
Tend why why camera. Bag pick baby. Operation region drive look.",5,4,1,2020-12-21 05:01:09.741575
4, clavier rigide, 클라비에 리지드,46.667101555653026,A4,https://images.unsplash.com/photo-1517705008128-361805f42e86?ixlib=rb-4.0.3&ixid=MnwxMjA3fDB8MHxzZWFyY2h8MjB8fGNoYWlyfGVufDB8fDB8fA%3D%3D&auto=format&fit=crop&w=500&q=60,https://images.unsplash.com/photo-1586023492125-27b2c045efd7?ixlib=rb-4.0.3&ixid=MnwxMjA3fDB8MHxzZWFyY2h8MTh8fGNoYWlyfGVufDB8fDB8fA%3D%3D&auto=format&fit=crop&w=500&q=60,"Relate girl should along beat population successful war.
Available sort every throw laugh anyone final. Keep perhaps mention son show.",5,8,1,2020-08-17 05:01:09.741575
5, dossier compliqué, 도시에 콤플리케,90.0169260814426,A5,https://images.unsplash.com/photo-1517705008128-361805f42e86?ixlib=rb-4.0.3&ixid=MnwxMjA3fDB8MHxzZWFyY2h8MjB8fGNoYWlyfGVufDB8fDB8fA%3D%3D&auto=format&fit=crop&w=500&q=60,https://images.unsplash.com/photo-1586023492125-27b2c045efd7?ixlib=rb-4.0.3&ixid=MnwxMjA3fDB8MHxzZWFyY2h8MTh8fGNoYWlyfGVufDB8fDB8fA%3D%3D&auto=format&fit=crop&w=500&q=60,"Leave black effect school surface. Meeting soldier street both.
Tough me two chance beyond. Space civil back send attention. Address them range pick say. Radio note think.",4,9,1,2020-03-09 05:01:09.741575
6, votre langue, 보트거 렁그,57.02838392706212,A6,https://images.unsplash.com/photo-1517705008128-361805f42e86?ixlib=rb-4.0.3&ixid=MnwxMjA3fDB8MHxzZWFyY2h8MjB8fGNoYWlyfGVufDB8fDB8fA%3D%3D&auto=format&fit=crop&w=500&q=60,https://images.unsplash.com/photo-1586023492125-27b2c045efd7?ixlib=rb-4.0.3&ixid=MnwxMjA3fDB8MHxzZWFyY2h8MTh8fGNoYWlyfGVufDB8fDB8fA%3D%3D&auto=format&fit=crop&w=500&q=60,"Partner situation usually. Pattern picture nice. Other week attorney style.
Phone somebody receive. Political common service thank less.",5,0,1,2020-12-13 05:01:09.741575
7, mon téléphone, 몽 텔레퐁,57.48114689885231,A7,https://images.unsplash.com/photo-1517705008128-361805f42e86?ixlib=rb-4.0.3&ixid=MnwxMjA3fDB8MHxzZWFyY2h8MjB8fGNoYWlyfGVufDB8fDB8fA%3D%3D&auto=format&fit=crop&w=500&q=60,https://images.unsplash.com/photo-1586023492125-27b2c045efd7?ixlib=rb-4.0.3&ixid=MnwxMjA3fDB8MHxzZWFyY2h8MTh8fGNoYWlyfGVufDB8fDB8fA%3D%3D&auto=format&fit=crop&w=500&q=60,Debate ahead manager feel to phone risk. Media here address or. Very option life if. End fill house get while ask.,2,6,1,2022-04-01 05:01:09.741575
8, mon cœur, 몽 쿠어,34.70533351955846,A8,https://images.unsplash.com/photo-1517705008128-361805f42e86?ixlib=rb-4.0.3&ixid=MnwxMjA3fDB8MHxzZWFyY2h8MjB8fGNoYWlyfGVufDB8fDB8fA%3D%3D&auto=format&fit=crop&w=500&q=60,https://images.unsplash.com/photo-1586023492125-27b2c045efd7?ixlib=rb-4.0.3&ixid=MnwxMjA3fDB8MHxzZWFyY2h8MTh8fGNoYWlyfGVufDB8fDB8fA%3D%3D&auto=format&fit=crop&w=500&q=60,Season federal series public. Phone present when thought. Different serve rest involve benefit himself.,1,6,1,2020-10-04 05:01:09.741575
9, mari mignon, 마히 미뇽,87.05447945128765,A9,https://images.unsplash.com/photo-1517705008128-361805f42e86?ixlib=rb-4.0.3&ixid=MnwxMjA3fDB8MHxzZWFyY2h8MjB8fGNoYWlyfGVufDB8fDB8fA%3D%3D&auto=format&fit=crop&w=500&q=60,https://images.unsplash.com/photo-1586023492125-27b2c045efd7?ixlib=rb-4.0.3&ixid=MnwxMjA3fDB8MHxzZWFyY2h8MTh8fGNoYWlyfGVufDB8fDB8fA%3D%3D&auto=format&fit=crop&w=500&q=60,Throughout tend agent conference. Senior wife friend long shake stop management. Series contain know but number.,4,2,1,2022-04-02 05:01:09.741575
10, j'ai couru, 제 쿠후,77.29595516556834,A10,https://images.unsplash.com/photo-1517705008128-361805f42e86?ixlib=rb-4.0.3&ixid=MnwxMjA3fDB8MHxzZWFyY2h8MjB8fGNoYWlyfGVufDB8fDB8fA%3D%3D&auto=format&fit=crop&w=500&q=60,https://images.unsplash.com/photo-1586023492125-27b2c045efd7?ixlib=rb-4.0.3&ixid=MnwxMjA3fDB8MHxzZWFyY2h8MTh8fGNoYWlyfGVufDB8fDB8fA%3D%3D&auto=format&fit=crop&w=500&q=60,"End process international worry policy before claim movement. Experience decide buy positive go lead.
Responsibility garden century we account none young. Security up treatment space serve good.",4,8,1,2019-12-30 05:01:09.741575
11, crème glacée, 크헴 글라세,75.86260614742892,A11,https://images.unsplash.com/photo-1517705008128-361805f42e86?ixlib=rb-4.0.3&ixid=MnwxMjA3fDB8MHxzZWFyY2h8MjB8fGNoYWlyfGVufDB8fDB8fA%3D%3D&auto=format&fit=crop&w=500&q=60,https://images.unsplash.com/photo-1586023492125-27b2c045efd7?ixlib=rb-4.0.3&ixid=MnwxMjA3fDB8MHxzZWFyY2h8MTh8fGNoYWlyfGVufDB8fDB8fA%3D%3D&auto=format&fit=crop&w=500&q=60,"Magazine history newspaper other. Authority bad we if quite.
Ready feel member together care base draw. Song now fish most.",1,1,1,2022-06-21 05:01:09.741575
12, latte vanille, 라트 바니,61.17127722503193,A12,https://images.unsplash.com/photo-1517705008128-361805f42e86?ixlib=rb-4.0.3&ixid=MnwxMjA3fDB8MHxzZWFyY2h8MjB8fGNoYWlyfGVufDB8fDB8fA%3D%3D&auto=format&fit=crop&w=500&q=60,https://images.unsplash.com/photo-1586023492125-27b2c045efd7?ixlib=rb-4.0.3&ixid=MnwxMjA3fDB8MHxzZWFyY2h8MTh8fGNoYWlyfGVufDB8fDB8fA%3D%3D&auto=format&fit=crop&w=500&q=60,Really administration law would activity save difference. Hand many democratic at knowledge difference. Avoid too onto drug future smile.,3,7,1,2022-01-19 05:01:09.741575
13, trois livres, 트와 리브흐,89.47653720345662,A13,https://images.unsplash.com/photo-1517705008128-361805f42e86?ixlib=rb-4.0.3&ixid=MnwxMjA3fDB8MHxzZWFyY2h8MjB8fGNoYWlyfGVufDB8fDB8fA%3D%3D&auto=format&fit=crop&w=500&q=60,https://images.unsplash.com/photo-1586023492125-27b2c045efd7?ixlib=rb-4.0.3&ixid=MnwxMjA3fDB8MHxzZWFyY2h8MTh8fGNoYWlyfGVufDB8fDB8fA%3D%3D&auto=format&fit=crop&w=500&q=60,Oil run contain pattern. Identify sometimes network top behind reality. Money interest eat price church PM.,0,7,1,2021-12-15 05:01:09.741575
14, mauvais yeux, 모베 여,90.5386922228006,A14,https://images.unsplash.com/photo-1517705008128-361805f42e86?ixlib=rb-4.0.3&ixid=MnwxMjA3fDB8MHxzZWFyY2h8MjB8fGNoYWlyfGVufDB8fDB8fA%3D%3D&auto=format&fit=crop&w=500&q=60,https://images.unsplash.com/photo-1586023492125-27b2c045efd7?ixlib=rb-4.0.3&ixid=MnwxMjA3fDB8MHxzZWFyY2h8MTh8fGNoYWlyfGVufDB8fDB8fA%3D%3D&auto=format&fit=crop&w=500&q=60,"Create executive institution age commercial.
Region instead drive mother near. Picture both age tax dinner its.",4,3,1,2022-06-04 05:01:09.741575
15, tableau blanc, 타블로 블랑,24.4556461901988,A15,https://images.unsplash.com/photo-1517705008128-361805f42e86?ixlib=rb-4.0.3&ixid=MnwxMjA3fDB8MHxzZWFyY2h8MjB8fGNoYWlyfGVufDB8fDB8fA%3D%3D&auto=format&fit=crop&w=500&q=60,https://images.unsplash.com/photo-1586023492125-27b2c045efd7?ixlib=rb-4.0.3&ixid=MnwxMjA3fDB8MHxzZWFyY2h8MTh8fGNoYWlyfGVufDB8fDB8fA%3D%3D&auto=format&fit=crop&w=500&q=60,"Mind consider subject spend customer just. Remain responsibility charge hope standard development break. Theory low huge a.
Forget less society laugh once remain this. World population gas.",5,4,1,2020-11-14 05:01:09.741575
16, tasse de thé, 타스 더 떼,79.69838464139359,A16,https://images.unsplash.com/photo-1517705008128-361805f42e86?ixlib=rb-4.0.3&ixid=MnwxMjA3fDB8MHxzZWFyY2h8MjB8fGNoYWlyfGVufDB8fDB8fA%3D%3D&auto=format&fit=crop&w=500&q=60,https://images.unsplash.com/photo-1586023492125-27b2c045efd7?ixlib=rb-4.0.3&ixid=MnwxMjA3fDB8MHxzZWFyY2h8MTh8fGNoYWlyfGVufDB8fDB8fA%3D%3D&auto=format&fit=crop&w=500&q=60,"We wear value data office test challenge. Budget him major off apply successful letter.
Look score large young type trade. International past dinner write. Daughter current full newspaper.",4,3,1,2022-07-17 05:01:09.741575
17, doigts gelés, 도와 져레,70.05145279408273,A17,https://images.unsplash.com/photo-1517705008128-361805f42e86?ixlib=rb-4.0.3&ixid=MnwxMjA3fDB8MHxzZWFyY2h8MjB8fGNoYWlyfGVufDB8fDB8fA%3D%3D&auto=format&fit=crop&w=500&q=60,https://images.unsplash.com/photo-1586023492125-27b2c045efd7?ixlib=rb-4.0.3&ixid=MnwxMjA3fDB8MHxzZWFyY2h8MTh8fGNoYWlyfGVufDB8fDB8fA%3D%3D&auto=format&fit=crop&w=500&q=60,"Thing ball some whose tree six world. New your kind she others include.
Moment local buy. Democrat above him together bit most receive staff.",2,2,1,2019-12-16 05:01:09.741575
18, mon pantalon, 몽 판탈롱,94.2141301000854,A18,https://images.unsplash.com/photo-1517705008128-361805f42e86?ixlib=rb-4.0.3&ixid=MnwxMjA3fDB8MHxzZWFyY2h8MjB8fGNoYWlyfGVufDB8fDB8fA%3D%3D&auto=format&fit=crop&w=500&q=60,https://images.unsplash.com/photo-1586023492125-27b2c045efd7?ixlib=rb-4.0.3&ixid=MnwxMjA3fDB8MHxzZWFyY2h8MTh8fGNoYWlyfGVufDB8fDB8fA%3D%3D&auto=format&fit=crop&w=500&q=60,"Goal myself add direction. Establish parent indicate wonder question heavy economy.
Check a people early. Vote trade kid support base.",2,1,1,2021-10-25 05:01:09.741575
19, Je te vois, 져 터 보아,98.5263882060281,A19,https://images.unsplash.com/photo-1517705008128-361805f42e86?ixlib=rb-4.0.3&ixid=MnwxMjA3fDB8MHxzZWFyY2h8MjB8fGNoYWlyfGVufDB8fDB8fA%3D%3D&auto=format&fit=crop&w=500&q=60,https://images.unsplash.com/photo-1586023492125-27b2c045efd7?ixlib=rb-4.0.3&ixid=MnwxMjA3fDB8MHxzZWFyY2h8MTh8fGNoYWlyfGVufDB8fDB8fA%3D%3D&auto=format&fit=crop&w=500&q=60,"Campaign catch picture including paper remember. Conference leg later really.
Face year field enjoy fill sense last. Reflect manager wide. Continue have value almost despite condition.",5,0,1,2022-02-08 05:01:09.741575
20, montre chère, 몽트흐 쉐,45.9451276524112,A20,https://images.unsplash.com/photo-1517705008128-361805f42e86?ixlib=rb-4.0.3&ixid=MnwxMjA3fDB8MHxzZWFyY2h8MjB8fGNoYWlyfGVufDB8fDB8fA%3D%3D&auto=format&fit=crop&w=500&q=60,https://images.unsplash.com/photo-1586023492125-27b2c045efd7?ixlib=rb-4.0.3&ixid=MnwxMjA3fDB8MHxzZWFyY2h8MTh8fGNoYWlyfGVufDB8fDB8fA%3D%3D&auto=format&fit=crop&w=500&q=60,Simple prevent court far. Result add real my dog change body. Computer available live garden.,2,9,1,2021-07-23 05:01:09.741575
21, écouteurs, 에쿠터,74.2320858334043,A21,https://images.unsplash.com/photo-1517705008128-361805f42e86?ixlib=rb-4.0.3&ixid=MnwxMjA3fDB8MHxzZWFyY2h8MjB8fGNoYWlyfGVufDB8fDB8fA%3D%3D&auto=format&fit=crop&w=500&q=60,https://images.unsplash.com/photo-1586023492125-27b2c045efd7?ixlib=rb-4.0.3&ixid=MnwxMjA3fDB8MHxzZWFyY2h8MTh8fGNoYWlyfGVufDB8fDB8fA%3D%3D&auto=format&fit=crop&w=500&q=60,"End late girl very. Way surface operation half add.
Great important although trial use. Network because as occur reality.
More away stay fund. Task improve according media most adult.",0,1,1,2021-05-21 05:01:09.741575
22, jolie femme, 졸리 팜,64.71163934508596,A22,https://images.unsplash.com/photo-1517705008128-361805f42e86?ixlib=rb-4.0.3&ixid=MnwxMjA3fDB8MHxzZWFyY2h8MjB8fGNoYWlyfGVufDB8fDB8fA%3D%3D&auto=format&fit=crop&w=500&q=60,https://images.unsplash.com/photo-1586023492125-27b2c045efd7?ixlib=rb-4.0.3&ixid=MnwxMjA3fDB8MHxzZWFyY2h8MTh8fGNoYWlyfGVufDB8fDB8fA%3D%3D&auto=format&fit=crop&w=500&q=60,"Ok other right health believe leave. Use situation minute she in sell trip.
Democrat large same growth recently. Lay prevent must special safe. Condition just people every sort none.",3,7,1,2020-11-10 05:01:09.741575
23, bel homme, 벨 옴,17.710255041053248,A23,https://images.unsplash.com/photo-1517705008128-361805f42e86?ixlib=rb-4.0.3&ixid=MnwxMjA3fDB8MHxzZWFyY2h8MjB8fGNoYWlyfGVufDB8fDB8fA%3D%3D&auto=format&fit=crop&w=500&q=60,https://images.unsplash.com/photo-1586023492125-27b2c045efd7?ixlib=rb-4.0.3&ixid=MnwxMjA3fDB8MHxzZWFyY2h8MTh8fGNoYWlyfGVufDB8fDB8fA%3D%3D&auto=format&fit=crop&w=500&q=60,"Five green health stock sound. Want thought great old man glass. Sound young civil put.
Bad have force kid thing get. We nature company expert.
Must cup gun clear certainly. Carry save ten hard.",3,10,1,2021-04-10 05:01:09.741575
24, écouter de la musique, 에쿠테 드 라 뮤직,30.421774513548804,A24,https://images.unsplash.com/photo-1517705008128-361805f42e86?ixlib=rb-4.0.3&ixid=MnwxMjA3fDB8MHxzZWFyY2h8MjB8fGNoYWlyfGVufDB8fDB8fA%3D%3D&auto=format&fit=crop&w=500&q=60,https://images.unsplash.com/photo-1586023492125-27b2c045efd7?ixlib=rb-4.0.3&ixid=MnwxMjA3fDB8MHxzZWFyY2h8MTh8fGNoYWlyfGVufDB8fDB8fA%3D%3D&auto=format&fit=crop&w=500&q=60,"Fill catch television.
Sort report debate tree contain source right. Someone ground option beautiful nation. Out less newspaper follow improve through it focus.",3,6,1,2022-03-02 05:01:09.741575
25, nourriture dégoûtante, 누히튜 데구텅,44.281265937081194,A25,https://images.unsplash.com/photo-1517705008128-361805f42e86?ixlib=rb-4.0.3&ixid=MnwxMjA3fDB8MHxzZWFyY2h8MjB8fGNoYWlyfGVufDB8fDB8fA%3D%3D&auto=format&fit=crop&w=500&q=60,https://images.unsplash.com/photo-1586023492125-27b2c045efd7?ixlib=rb-4.0.3&ixid=MnwxMjA3fDB8MHxzZWFyY2h8MTh8fGNoYWlyfGVufDB8fDB8fA%3D%3D&auto=format&fit=crop&w=500&q=60,"Important federal meet exactly economy. Form gas environment discover though. Simply send drive through.
Finish ask win space when. Source wind send party the.",5,4,1,2020-09-08 05:01:09.741575
26, sauter, 소테,30.266071177535046,B0,https://images.unsplash.com/photo-1517705008128-361805f42e86?ixlib=rb-4.0.3&ixid=MnwxMjA3fDB8MHxzZWFyY2h8MjB8fGNoYWlyfGVufDB8fDB8fA%3D%3D&auto=format&fit=crop&w=500&q=60,https://images.unsplash.com/photo-1586023492125-27b2c045efd7?ixlib=rb-4.0.3&ixid=MnwxMjA3fDB8MHxzZWFyY2h8MTh8fGNoYWlyfGVufDB8fDB8fA%3D%3D&auto=format&fit=crop&w=500&q=60,"Lose never spend even writer turn whole sister. Discover final goal.
Miss involve for nor. Staff development pretty half unit beat. Tend firm cell cup production agree.",0,2,2,2022-04-05 05:01:09.741575
27, tomber, 통베,58.16077617627627,B1,https://images.unsplash.com/photo-1517705008128-361805f42e86?ixlib=rb-4.0.3&ixid=MnwxMjA3fDB8MHxzZWFyY2h8MjB8fGNoYWlyfGVufDB8fDB8fA%3D%3D&auto=format&fit=crop&w=500&q=60,https://images.unsplash.com/photo-1586023492125-27b2c045efd7?ixlib=rb-4.0.3&ixid=MnwxMjA3fDB8MHxzZWFyY2h8MTh8fGNoYWlyfGVufDB8fDB8fA%3D%3D&auto=format&fit=crop&w=500&q=60,"Past outside talk whose we behind record. Relationship window think husband. Station animal near company above machine old.
Star animal discussion wait against. Young participant relate material.",4,9,2,2020-03-12 05:01:09.741575
28, salle de bain, 살 더 방,47.266926098828385,B2,https://images.unsplash.com/photo-1517705008128-361805f42e86?ixlib=rb-4.0.3&ixid=MnwxMjA3fDB8MHxzZWFyY2h8MjB8fGNoYWlyfGVufDB8fDB8fA%3D%3D&auto=format&fit=crop&w=500&q=60,https://images.unsplash.com/photo-1586023492125-27b2c045efd7?ixlib=rb-4.0.3&ixid=MnwxMjA3fDB8MHxzZWFyY2h8MTh8fGNoYWlyfGVufDB8fDB8fA%3D%3D&auto=format&fit=crop&w=500&q=60,"Live build quality her fact understand. Plant impact perhaps reveal.
Government bill sell such. College maintain concern set majority. Today central since land force.",0,3,2,2022-11-14 05:01:09.741575
29, chef-d'œuvre, 쉐프 도브흐,69.19832551162072,B3,https://images.unsplash.com/photo-1517705008128-361805f42e86?ixlib=rb-4.0.3&ixid=MnwxMjA3fDB8MHxzZWFyY2h8MjB8fGNoYWlyfGVufDB8fDB8fA%3D%3D&auto=format&fit=crop&w=500&q=60,https://images.unsplash.com/photo-1586023492125-27b2c045efd7?ixlib=rb-4.0.3&ixid=MnwxMjA3fDB8MHxzZWFyY2h8MTh8fGNoYWlyfGVufDB8fDB8fA%3D%3D&auto=format&fit=crop&w=500&q=60,Here themselves remember international guess dream stand. Scene security foot art smile quality where that.,3,5,2,2020-05-06 05:01:09.741575
30, attend, 아텅,95.96681742567694,B4,https://images.unsplash.com/photo-1517705008128-361805f42e86?ixlib=rb-4.0.3&ixid=MnwxMjA3fDB8MHxzZWFyY2h8MjB8fGNoYWlyfGVufDB8fDB8fA%3D%3D&auto=format&fit=crop&w=500&q=60,https://images.unsplash.com/photo-1586023492125-27b2c045efd7?ixlib=rb-4.0.3&ixid=MnwxMjA3fDB8MHxzZWFyY2h8MTh8fGNoYWlyfGVufDB8fDB8fA%3D%3D&auto=format&fit=crop&w=500&q=60,"Beautiful relationship mission want knowledge teacher trouble.
Wonder his thought treat. Ok risk smile example manager concern.",0,6,2,2021-11-20 05:01:09.741575
31, verre, 베흐,99.96297432554788,B5,https://images.unsplash.com/photo-1517705008128-361805f42e86?ixlib=rb-4.0.3&ixid=MnwxMjA3fDB8MHxzZWFyY2h8MjB8fGNoYWlyfGVufDB8fDB8fA%3D%3D&auto=format&fit=crop&w=500&q=60,https://images.unsplash.com/photo-1586023492125-27b2c045efd7?ixlib=rb-4.0.3&ixid=MnwxMjA3fDB8MHxzZWFyY2h8MTh8fGNoYWlyfGVufDB8fDB8fA%3D%3D&auto=format&fit=crop&w=500&q=60,Nearly draw impact anything nature appear. Laugh age store father left important tough. Expect carry art much. Job floor look sea.,4,9,2,2022-11-06 05:01:09.741575
32, fête, 페트,24.99264041188062,B6,https://images.unsplash.com/photo-1517705008128-361805f42e86?ixlib=rb-4.0.3&ixid=MnwxMjA3fDB8MHxzZWFyY2h8MjB8fGNoYWlyfGVufDB8fDB8fA%3D%3D&auto=format&fit=crop&w=500&q=60,https://images.unsplash.com/photo-1586023492125-27b2c045efd7?ixlib=rb-4.0.3&ixid=MnwxMjA3fDB8MHxzZWFyY2h8MTh8fGNoYWlyfGVufDB8fDB8fA%3D%3D&auto=format&fit=crop&w=500&q=60,Position any another both. Themselves own add important dream look hold. Floor cut everyone town option stock.,2,3,2,2022-05-09 05:01:09.741575
33, voulons, 부롱,89.75967640570678,B7,https://images.unsplash.com/photo-1517705008128-361805f42e86?ixlib=rb-4.0.3&ixid=MnwxMjA3fDB8MHxzZWFyY2h8MjB8fGNoYWlyfGVufDB8fDB8fA%3D%3D&auto=format&fit=crop&w=500&q=60,https://images.unsplash.com/photo-1586023492125-27b2c045efd7?ixlib=rb-4.0.3&ixid=MnwxMjA3fDB8MHxzZWFyY2h8MTh8fGNoYWlyfGVufDB8fDB8fA%3D%3D&auto=format&fit=crop&w=500&q=60,"Table president ground tax social set child. Ahead need leave occur top.
Be about detail just race tell. Appear dark newspaper season book.",0,7,2,2021-06-29 05:01:09.741575
34, bataille, 바타이,15.08948590717486,B8,https://images.unsplash.com/photo-1517705008128-361805f42e86?ixlib=rb-4.0.3&ixid=MnwxMjA3fDB8MHxzZWFyY2h8MjB8fGNoYWlyfGVufDB8fDB8fA%3D%3D&auto=format&fit=crop&w=500&q=60,https://images.unsplash.com/photo-1586023492125-27b2c045efd7?ixlib=rb-4.0.3&ixid=MnwxMjA3fDB8MHxzZWFyY2h8MTh8fGNoYWlyfGVufDB8fDB8fA%3D%3D&auto=format&fit=crop&w=500&q=60,Individual machine fall impact page lose pick. Animal safe pick wide design never ground. Entire key cut eight much head government.,4,10,2,2022-03-28 05:01:09.741575
35, chouchou, 슈슈,94.00927049286135,B9,https://images.unsplash.com/photo-1517705008128-361805f42e86?ixlib=rb-4.0.3&ixid=MnwxMjA3fDB8MHxzZWFyY2h8MjB8fGNoYWlyfGVufDB8fDB8fA%3D%3D&auto=format&fit=crop&w=500&q=60,https://images.unsplash.com/photo-1586023492125-27b2c045efd7?ixlib=rb-4.0.3&ixid=MnwxMjA3fDB8MHxzZWFyY2h8MTh8fGNoYWlyfGVufDB8fDB8fA%3D%3D&auto=format&fit=crop&w=500&q=60,"Local war myself development. Rate determine whatever political ok statement. Along alone character weight professor compare television.
Perhaps product floor agree next.",1,0,2,2022-03-25 05:01:09.741575
36, décolleté, 데콜떼,67.53581503889704,B10,https://images.unsplash.com/photo-1517705008128-361805f42e86?ixlib=rb-4.0.3&ixid=MnwxMjA3fDB8MHxzZWFyY2h8MjB8fGNoYWlyfGVufDB8fDB8fA%3D%3D&auto=format&fit=crop&w=500&q=60,https://images.unsplash.com/photo-1586023492125-27b2c045efd7?ixlib=rb-4.0.3&ixid=MnwxMjA3fDB8MHxzZWFyY2h8MTh8fGNoYWlyfGVufDB8fDB8fA%3D%3D&auto=format&fit=crop&w=500&q=60,Us hotel lay organization responsibility raise end exactly. Back stand reason final risk available. Single story skill cell.,3,3,2,2019-12-21 05:01:09.741575
37, incroyable, 앙꼬아야블러,46.893786396697394,B11,https://images.unsplash.com/photo-1517705008128-361805f42e86?ixlib=rb-4.0.3&ixid=MnwxMjA3fDB8MHxzZWFyY2h8MjB8fGNoYWlyfGVufDB8fDB8fA%3D%3D&auto=format&fit=crop&w=500&q=60,https://images.unsplash.com/photo-1586023492125-27b2c045efd7?ixlib=rb-4.0.3&ixid=MnwxMjA3fDB8MHxzZWFyY2h8MTh8fGNoYWlyfGVufDB8fDB8fA%3D%3D&auto=format&fit=crop&w=500&q=60,"Network culture bill head magazine. Dream list sell nothing. Ability blue food special husband.
Sound over imagine could through leader of. Report cold most hit marriage those.",3,8,2,2021-01-12 05:01:09.741575
38, Magnifique, 마니피끄,95.5321434501302,B12,https://images.unsplash.com/photo-1517705008128-361805f42e86?ixlib=rb-4.0.3&ixid=MnwxMjA3fDB8MHxzZWFyY2h8MjB8fGNoYWlyfGVufDB8fDB8fA%3D%3D&auto=format&fit=crop&w=500&q=60,https://images.unsplash.com/photo-1586023492125-27b2c045efd7?ixlib=rb-4.0.3&ixid=MnwxMjA3fDB8MHxzZWFyY2h8MTh8fGNoYWlyfGVufDB8fDB8fA%3D%3D&auto=format&fit=crop&w=500&q=60,"Sister fire special standard perform just. Interesting its college think this agency. Plant cut big story.
Pass degree population speak west. Behind example ago notice. Nature join factor rock can.",3,7,2,2021-09-30 05:01:09.741575
39, Mélange, 메렁쥬,31.74589284025394,B13,https://images.unsplash.com/photo-1517705008128-361805f42e86?ixlib=rb-4.0.3&ixid=MnwxMjA3fDB8MHxzZWFyY2h8MjB8fGNoYWlyfGVufDB8fDB8fA%3D%3D&auto=format&fit=crop&w=500&q=60,https://images.unsplash.com/photo-1586023492125-27b2c045efd7?ixlib=rb-4.0.3&ixid=MnwxMjA3fDB8MHxzZWFyY2h8MTh8fGNoYWlyfGVufDB8fDB8fA%3D%3D&auto=format&fit=crop&w=500&q=60,Always heavy rock training different enter site least. Ask mouth along case prepare well evidence. Interview few everything left.,1,7,2,2021-05-15 05:01:09.741575
40, Papillon, 빠삐용,8.561735481369004,B14,https://images.unsplash.com/photo-1517705008128-361805f42e86?ixlib=rb-4.0.3&ixid=MnwxMjA3fDB8MHxzZWFyY2h8MjB8fGNoYWlyfGVufDB8fDB8fA%3D%3D&auto=format&fit=crop&w=500&q=60,https://images.unsplash.com/photo-1586023492125-27b2c045efd7?ixlib=rb-4.0.3&ixid=MnwxMjA3fDB8MHxzZWFyY2h8MTh8fGNoYWlyfGVufDB8fDB8fA%3D%3D&auto=format&fit=crop&w=500&q=60,"Lay open range rich environmental black. Both next different teacher bad. Prepare enter about mother.
Stop chance perform meeting majority. Forward act represent this find.",1,3,2,2022-06-10 05:01:09.741575
41, Parapluie, 빠하쁠루이,89.58609404444753,B15,https://images.unsplash.com/photo-1517705008128-361805f42e86?ixlib=rb-4.0.3&ixid=MnwxMjA3fDB8MHxzZWFyY2h8MjB8fGNoYWlyfGVufDB8fDB8fA%3D%3D&auto=format&fit=crop&w=500&q=60,https://images.unsplash.com/photo-1586023492125-27b2c045efd7?ixlib=rb-4.0.3&ixid=MnwxMjA3fDB8MHxzZWFyY2h8MTh8fGNoYWlyfGVufDB8fDB8fA%3D%3D&auto=format&fit=crop&w=500&q=60,"Affect song challenge source either. Tough leg miss room method ready tough. Culture reveal thing mission speak character environmental.
Man close answer per north. Miss value lead several.",5,10,2,2020-04-18 05:01:09.741575
42, Silhouette, 씰류엣,65.87545595697587,B16,https://images.unsplash.com/photo-1517705008128-361805f42e86?ixlib=rb-4.0.3&ixid=MnwxMjA3fDB8MHxzZWFyY2h8MjB8fGNoYWlyfGVufDB8fDB8fA%3D%3D&auto=format&fit=crop&w=500&q=60,https://images.unsplash.com/photo-1586023492125-27b2c045efd7?ixlib=rb-4.0.3&ixid=MnwxMjA3fDB8MHxzZWFyY2h8MTh8fGNoYWlyfGVufDB8fDB8fA%3D%3D&auto=format&fit=crop&w=500&q=60,Red security style usually they else. Well place approach. Land shake final. Student government media significant information partner.,3,1,2,2021-04-30 05:01:09.741575
43, Douceur, 두써,6.237569968813528,B17,https://images.unsplash.com/photo-1517705008128-361805f42e86?ixlib=rb-4.0.3&ixid=MnwxMjA3fDB8MHxzZWFyY2h8MjB8fGNoYWlyfGVufDB8fDB8fA%3D%3D&auto=format&fit=crop&w=500&q=60,https://images.unsplash.com/photo-1586023492125-27b2c045efd7?ixlib=rb-4.0.3&ixid=MnwxMjA3fDB8MHxzZWFyY2h8MTh8fGNoYWlyfGVufDB8fDB8fA%3D%3D&auto=format&fit=crop&w=500&q=60,Likely top news democratic window point art. Tough perhaps eye actually. Mother everybody level scene sport few business among. Just charge so avoid model suggest generation.,2,0,2,2022-09-16 05:01:09.741575
44, le journal, 르 쥬날,26.00966805085625,B18,https://images.unsplash.com/photo-1517705008128-361805f42e86?ixlib=rb-4.0.3&ixid=MnwxMjA3fDB8MHxzZWFyY2h8MjB8fGNoYWlyfGVufDB8fDB8fA%3D%3D&auto=format&fit=crop&w=500&q=60,https://images.unsplash.com/photo-1586023492125-27b2c045efd7?ixlib=rb-4.0.3&ixid=MnwxMjA3fDB8MHxzZWFyY2h8MTh8fGNoYWlyfGVufDB8fDB8fA%3D%3D&auto=format&fit=crop&w=500&q=60,"Benefit gun sister. Drive easy those how late. Information real building organization myself light cup.
Best enter business pull. Also stay common. Statement over which anything movie it tell leader.",5,1,2,2020-03-07 05:01:09.741575
45, Feuilleter, 프여테,31.559776699416787,B19,https://images.unsplash.com/photo-1517705008128-361805f42e86?ixlib=rb-4.0.3&ixid=MnwxMjA3fDB8MHxzZWFyY2h8MjB8fGNoYWlyfGVufDB8fDB8fA%3D%3D&auto=format&fit=crop&w=500&q=60,https://images.unsplash.com/photo-1586023492125-27b2c045efd7?ixlib=rb-4.0.3&ixid=MnwxMjA3fDB8MHxzZWFyY2h8MTh8fGNoYWlyfGVufDB8fDB8fA%3D%3D&auto=format&fit=crop&w=500&q=60,"Again today our concern. Foreign third economy. Method stay woman ability.
Out least group clear.
Worker much drive less. Serve but threat scientist space tend within.",2,2,2,2022-08-31 05:01:09.741575
46, Onirique, 오니히크,41.733059863718616,B20,https://images.unsplash.com/photo-1517705008128-361805f42e86?ixlib=rb-4.0.3&ixid=MnwxMjA3fDB8MHxzZWFyY2h8MjB8fGNoYWlyfGVufDB8fDB8fA%3D%3D&auto=format&fit=crop&w=500&q=60,https://images.unsplash.com/photo-1586023492125-27b2c045efd7?ixlib=rb-4.0.3&ixid=MnwxMjA3fDB8MHxzZWFyY2h8MTh8fGNoYWlyfGVufDB8fDB8fA%3D%3D&auto=format&fit=crop&w=500&q=60,"Whom each lay eight race. Organization center main hair song. Explain upon such society ground before.
Put our most analysis however individual might. Local leg read real only include real what.",5,5,2,2019-12-22 05:01:09.741575
47, Flâner, 프라네,8.64781216833288,B21,https://images.unsplash.com/photo-1517705008128-361805f42e86?ixlib=rb-4.0.3&ixid=MnwxMjA3fDB8MHxzZWFyY2h8MjB8fGNoYWlyfGVufDB8fDB8fA%3D%3D&auto=format&fit=crop&w=500&q=60,https://images.unsplash.com/photo-1586023492125-27b2c045efd7?ixlib=rb-4.0.3&ixid=MnwxMjA3fDB8MHxzZWFyY2h8MTh8fGNoYWlyfGVufDB8fDB8fA%3D%3D&auto=format&fit=crop&w=500&q=60,"Gun probably believe majority. Election important design produce forget especially clear.
Painting too these focus believe whose. Television soon above gas everything none.",0,1,2,2020-06-20 05:01:09.741575
48, Chuchoter, 슈쇼테,39.14892463769498,B22,https://images.unsplash.com/photo-1517705008128-361805f42e86?ixlib=rb-4.0.3&ixid=MnwxMjA3fDB8MHxzZWFyY2h8MjB8fGNoYWlyfGVufDB8fDB8fA%3D%3D&auto=format&fit=crop&w=500&q=60,https://images.unsplash.com/photo-1586023492125-27b2c045efd7?ixlib=rb-4.0.3&ixid=MnwxMjA3fDB8MHxzZWFyY2h8MTh8fGNoYWlyfGVufDB8fDB8fA%3D%3D&auto=format&fit=crop&w=500&q=60,"Idea research skin decade amount. Life treat general increase involve true.
Send late condition control. Old north appear peace go.",5,9,2,2022-10-30 05:01:09.741575
49, rêvasser, 헤바세,6.915207907770671,B23,https://images.unsplash.com/photo-1517705008128-361805f42e86?ixlib=rb-4.0.3&ixid=MnwxMjA3fDB8MHxzZWFyY2h8MjB8fGNoYWlyfGVufDB8fDB8fA%3D%3D&auto=format&fit=crop&w=500&q=60,https://images.unsplash.com/photo-1586023492125-27b2c045efd7?ixlib=rb-4.0.3&ixid=MnwxMjA3fDB8MHxzZWFyY2h8MTh8fGNoYWlyfGVufDB8fDB8fA%3D%3D&auto=format&fit=crop&w=500&q=60,Environmental your long maybe thus environment administration. True may game agency yard travel. Director suffer century treat idea stuff yes.,4,1,2,2020-04-03 05:01:09.741575
50, éphémère, 에페메,53.37535200218554,B24,https://images.unsplash.com/photo-1517705008128-361805f42e86?ixlib=rb-4.0.3&ixid=MnwxMjA3fDB8MHxzZWFyY2h8MjB8fGNoYWlyfGVufDB8fDB8fA%3D%3D&auto=format&fit=crop&w=500&q=60,https://images.unsplash.com/photo-1586023492125-27b2c045efd7?ixlib=rb-4.0.3&ixid=MnwxMjA3fDB8MHxzZWFyY2h8MTh8fGNoYWlyfGVufDB8fDB8fA%3D%3D&auto=format&fit=crop&w=500&q=60,Note wrong although hotel. This across wait imagine send. Almost simply property compare. Large why senior quickly box by wonder.,1,1,2,2020-11-30 05:01:09.741575
51, Émerveiller, 에메흐베예,57.62524875085372,B25,https://images.unsplash.com/photo-1517705008128-361805f42e86?ixlib=rb-4.0.3&ixid=MnwxMjA3fDB8MHxzZWFyY2h8MjB8fGNoYWlyfGVufDB8fDB8fA%3D%3D&auto=format&fit=crop&w=500&q=60,https://images.unsplash.com/photo-1586023492125-27b2c045efd7?ixlib=rb-4.0.3&ixid=MnwxMjA3fDB8MHxzZWFyY2h8MTh8fGNoYWlyfGVufDB8fDB8fA%3D%3D&auto=format&fit=crop&w=500&q=60,"Compare arm pick drop edge. Benefit activity help break cut establish tree ball. Local mention kid want.
Floor trade language class hotel yes response really. Let hit particularly.",1,4,2,2020-04-13 05:01:09.741575
52, retrouvailles, 흐트후바이,66.25770311733552,C0,https://images.unsplash.com/photo-1517705008128-361805f42e86?ixlib=rb-4.0.3&ixid=MnwxMjA3fDB8MHxzZWFyY2h8MjB8fGNoYWlyfGVufDB8fDB8fA%3D%3D&auto=format&fit=crop&w=500&q=60,https://images.unsplash.com/photo-1586023492125-27b2c045efd7?ixlib=rb-4.0.3&ixid=MnwxMjA3fDB8MHxzZWFyY2h8MTh8fGNoYWlyfGVufDB8fDB8fA%3D%3D&auto=format&fit=crop&w=500&q=60,Professor reflect out lead political pretty. Draw both and machine old.,4,7,3,2021-06-19 05:01:09.741575
53, éblouir, 에브루히,3.7494295900496466,C1,https://images.unsplash.com/photo-1517705008128-361805f42e86?ixlib=rb-4.0.3&ixid=MnwxMjA3fDB8MHxzZWFyY2h8MjB8fGNoYWlyfGVufDB8fDB8fA%3D%3D&auto=format&fit=crop&w=500&q=60,https://images.unsplash.com/photo-1586023492125-27b2c045efd7?ixlib=rb-4.0.3&ixid=MnwxMjA3fDB8MHxzZWFyY2h8MTh8fGNoYWlyfGVufDB8fDB8fA%3D%3D&auto=format&fit=crop&w=500&q=60,Agree Congress short off parent people. Century morning left owner ok argue rich. Including enjoy wall prevent idea card throughout agree.,5,6,3,2021-01-09 05:01:09.741575
54, Chéri, 쉐히,79.69000223081323,C2,https://images.unsplash.com/photo-1517705008128-361805f42e86?ixlib=rb-4.0.3&ixid=MnwxMjA3fDB8MHxzZWFyY2h8MjB8fGNoYWlyfGVufDB8fDB8fA%3D%3D&auto=format&fit=crop&w=500&q=60,https://images.unsplash.com/photo-1586023492125-27b2c045efd7?ixlib=rb-4.0.3&ixid=MnwxMjA3fDB8MHxzZWFyY2h8MTh8fGNoYWlyfGVufDB8fDB8fA%3D%3D&auto=format&fit=crop&w=500&q=60,"Stock church result technology also own science.
Few economic process include red study loss talk. Pick yet base street strategy structure. Or degree vote test.",4,3,3,2022-07-10 05:01:09.741575
55, Plein de vie, 프랑 더 비,88.99426793780066,C3,https://images.unsplash.com/photo-1517705008128-361805f42e86?ixlib=rb-4.0.3&ixid=MnwxMjA3fDB8MHxzZWFyY2h8MjB8fGNoYWlyfGVufDB8fDB8fA%3D%3D&auto=format&fit=crop&w=500&q=60,https://images.unsplash.com/photo-1586023492125-27b2c045efd7?ixlib=rb-4.0.3&ixid=MnwxMjA3fDB8MHxzZWFyY2h8MTh8fGNoYWlyfGVufDB8fDB8fA%3D%3D&auto=format&fit=crop&w=500&q=60,"Then price life west music. Contain lead action easy class exist threat.
Page federal everybody present one my military green. Big attention probably home.",5,1,3,2020-08-27 05:01:09.741575
56, Casse-cou, 까스 쿠,32.73851905094727,C4,https://images.unsplash.com/photo-1517705008128-361805f42e86?ixlib=rb-4.0.3&ixid=MnwxMjA3fDB8MHxzZWFyY2h8MjB8fGNoYWlyfGVufDB8fDB8fA%3D%3D&auto=format&fit=crop&w=500&q=60,https://images.unsplash.com/photo-1586023492125-27b2c045efd7?ixlib=rb-4.0.3&ixid=MnwxMjA3fDB8MHxzZWFyY2h8MTh8fGNoYWlyfGVufDB8fDB8fA%3D%3D&auto=format&fit=crop&w=500&q=60,"Data young his speak you nation control. A major past gun. Exist big almost south.
State get through reality best cover. Also turn Congress situation out anyone.",4,10,3,2020-01-09 05:01:09.741575
57, Nouveau départ, 누보 데파흐,88.48916347449212,C5,https://images.unsplash.com/photo-1517705008128-361805f42e86?ixlib=rb-4.0.3&ixid=MnwxMjA3fDB8MHxzZWFyY2h8MjB8fGNoYWlyfGVufDB8fDB8fA%3D%3D&auto=format&fit=crop&w=500&q=60,https://images.unsplash.com/photo-1586023492125-27b2c045efd7?ixlib=rb-4.0.3&ixid=MnwxMjA3fDB8MHxzZWFyY2h8MTh8fGNoYWlyfGVufDB8fDB8fA%3D%3D&auto=format&fit=crop&w=500&q=60,"Interesting relate against Democrat argue. Many man white theory.
Car many month answer. Discuss event impact thing identify. Difference player play read attention do worker similar.",3,8,3,2020-09-01 05:01:09.741575
58, étonnante, 에터넝트,72.46556812267917,C6,https://images.unsplash.com/photo-1517705008128-361805f42e86?ixlib=rb-4.0.3&ixid=MnwxMjA3fDB8MHxzZWFyY2h8MjB8fGNoYWlyfGVufDB8fDB8fA%3D%3D&auto=format&fit=crop&w=500&q=60,https://images.unsplash.com/photo-1586023492125-27b2c045efd7?ixlib=rb-4.0.3&ixid=MnwxMjA3fDB8MHxzZWFyY2h8MTh8fGNoYWlyfGVufDB8fDB8fA%3D%3D&auto=format&fit=crop&w=500&q=60,"Future performance over structure may. Movement say while hear door Mrs quality safe. Give north clear.
Television sometimes professional foot. Sound my ask move full can natural sign.",5,7,3,2021-09-13 05:01:09.741575
59, charmante, 샤흐멍트,32.9501809364797,C7,https://images.unsplash.com/photo-1517705008128-361805f42e86?ixlib=rb-4.0.3&ixid=MnwxMjA3fDB8MHxzZWFyY2h8MjB8fGNoYWlyfGVufDB8fDB8fA%3D%3D&auto=format&fit=crop&w=500&q=60,https://images.unsplash.com/photo-1586023492125-27b2c045efd7?ixlib=rb-4.0.3&ixid=MnwxMjA3fDB8MHxzZWFyY2h8MTh8fGNoYWlyfGVufDB8fDB8fA%3D%3D&auto=format&fit=crop&w=500&q=60,"Someone lead remember her risk news especially. Country always service way. Much phone quite event artist product friend.
Good keep PM Republican rest suffer white.",0,7,3,2022-04-01 05:01:09.741575
60, attrayant, 아트흐영,93.23783122047165,C8,https://images.unsplash.com/photo-1517705008128-361805f42e86?ixlib=rb-4.0.3&ixid=MnwxMjA3fDB8MHxzZWFyY2h8MjB8fGNoYWlyfGVufDB8fDB8fA%3D%3D&auto=format&fit=crop&w=500&q=60,https://images.unsplash.com/photo-1586023492125-27b2c045efd7?ixlib=rb-4.0.3&ixid=MnwxMjA3fDB8MHxzZWFyY2h8MTh8fGNoYWlyfGVufDB8fDB8fA%3D%3D&auto=format&fit=crop&w=500&q=60,Have you would now explain address. Card usually when model middle maybe firm. Item really cost can age easy. Center effect improve price city social fine brother.,3,9,3,2021-04-04 05:01:09.741575
61, éblouissante, 에블루이썽트,15.428011027003908,C9,https://images.unsplash.com/photo-1517705008128-361805f42e86?ixlib=rb-4.0.3&ixid=MnwxMjA3fDB8MHxzZWFyY2h8MjB8fGNoYWlyfGVufDB8fDB8fA%3D%3D&auto=format&fit=crop&w=500&q=60,https://images.unsplash.com/photo-1586023492125-27b2c045efd7?ixlib=rb-4.0.3&ixid=MnwxMjA3fDB8MHxzZWFyY2h8MTh8fGNoYWlyfGVufDB8fDB8fA%3D%3D&auto=format&fit=crop&w=500&q=60,"Painting audience record issue others.
Question college open similar some. All tend score become already arm alone by.",3,4,3,2022-04-23 05:01:09.741575
62, amour, 아무흐,25.66766679492247,C10,https://images.unsplash.com/photo-1517705008128-361805f42e86?ixlib=rb-4.0.3&ixid=MnwxMjA3fDB8MHxzZWFyY2h8MjB8fGNoYWlyfGVufDB8fDB8fA%3D%3D&auto=format&fit=crop&w=500&q=60,https://images.unsplash.com/photo-1586023492125-27b2c045efd7?ixlib=rb-4.0.3&ixid=MnwxMjA3fDB8MHxzZWFyY2h8MTh8fGNoYWlyfGVufDB8fDB8fA%3D%3D&auto=format&fit=crop&w=500&q=60,Political sit plan war. Agreement soon out skin century. Military rate describe break before finally matter. Anything defense above those middle detail institution.,0,7,3,2020-05-25 05:01:09.741575
63, amoureuse, 아무흐스,67.88102617754,C11,https://images.unsplash.com/photo-1517705008128-361805f42e86?ixlib=rb-4.0.3&ixid=MnwxMjA3fDB8MHxzZWFyY2h8MjB8fGNoYWlyfGVufDB8fDB8fA%3D%3D&auto=format&fit=crop&w=500&q=60,https://images.unsplash.com/photo-1586023492125-27b2c045efd7?ixlib=rb-4.0.3&ixid=MnwxMjA3fDB8MHxzZWFyY2h8MTh8fGNoYWlyfGVufDB8fDB8fA%3D%3D&auto=format&fit=crop&w=500&q=60,Look theory reason everyone painting democratic girl. Me attack north bed do dark. Read activity care nor somebody. Company anything life enough serious pretty effort.,0,6,3,2020-07-05 05:01:09.741575
64, embrasser, 엠브하쎄,53.398227502269,C12,https://images.unsplash.com/photo-1517705008128-361805f42e86?ixlib=rb-4.0.3&ixid=MnwxMjA3fDB8MHxzZWFyY2h8MjB8fGNoYWlyfGVufDB8fDB8fA%3D%3D&auto=format&fit=crop&w=500&q=60,https://images.unsplash.com/photo-1586023492125-27b2c045efd7?ixlib=rb-4.0.3&ixid=MnwxMjA3fDB8MHxzZWFyY2h8MTh8fGNoYWlyfGVufDB8fDB8fA%3D%3D&auto=format&fit=crop&w=500&q=60,"Apply series sort grow conference. Someone answer long certain same. Relate surface and card ball ask.
Cup prevent think both.",0,7,3,2021-11-03 05:01:09.741575
65, tendresse, 텅드헤쓰,69.81841211194745,C13,https://images.unsplash.com/photo-1517705008128-361805f42e86?ixlib=rb-4.0.3&ixid=MnwxMjA3fDB8MHxzZWFyY2h8MjB8fGNoYWlyfGVufDB8fDB8fA%3D%3D&auto=format&fit=crop&w=500&q=60,https://images.unsplash.com/photo-1586023492125-27b2c045efd7?ixlib=rb-4.0.3&ixid=MnwxMjA3fDB8MHxzZWFyY2h8MTh8fGNoYWlyfGVufDB8fDB8fA%3D%3D&auto=format&fit=crop&w=500&q=60,Help become my address minute beat view price. Someone deep you always instead. Ground American business might fish meet minute. Special wait throw suddenly fall.,1,10,3,2020-12-26 05:01:09.741575
66, trésor, 트헤서,27.766061955476207,C14,https://images.unsplash.com/photo-1517705008128-361805f42e86?ixlib=rb-4.0.3&ixid=MnwxMjA3fDB8MHxzZWFyY2h8MjB8fGNoYWlyfGVufDB8fDB8fA%3D%3D&auto=format&fit=crop&w=500&q=60,https://images.unsplash.com/photo-1586023492125-27b2c045efd7?ixlib=rb-4.0.3&ixid=MnwxMjA3fDB8MHxzZWFyY2h8MTh8fGNoYWlyfGVufDB8fDB8fA%3D%3D&auto=format&fit=crop&w=500&q=60,Strong happen strong certain environmental open example. Total also foreign cause the model upon. Herself various scene lot face.,5,6,3,2021-01-31 05:01:09.741575
67, arabesque, 아하베스크,1.8091009993715823,C15,https://images.unsplash.com/photo-1517705008128-361805f42e86?ixlib=rb-4.0.3&ixid=MnwxMjA3fDB8MHxzZWFyY2h8MjB8fGNoYWlyfGVufDB8fDB8fA%3D%3D&auto=format&fit=crop&w=500&q=60,https://images.unsplash.com/photo-1586023492125-27b2c045efd7?ixlib=rb-4.0.3&ixid=MnwxMjA3fDB8MHxzZWFyY2h8MTh8fGNoYWlyfGVufDB8fDB8fA%3D%3D&auto=format&fit=crop&w=500&q=60,Include war study tree. Spring need ago force religious explain raise. Already serve common relationship.,0,6,3,2021-08-20 05:01:09.741575
68, argenté, 아흐졍테,31.437560632928562,C16,https://images.unsplash.com/photo-1517705008128-361805f42e86?ixlib=rb-4.0.3&ixid=MnwxMjA3fDB8MHxzZWFyY2h8MjB8fGNoYWlyfGVufDB8fDB8fA%3D%3D&auto=format&fit=crop&w=500&q=60,https://images.unsplash.com/photo-1586023492125-27b2c045efd7?ixlib=rb-4.0.3&ixid=MnwxMjA3fDB8MHxzZWFyY2h8MTh8fGNoYWlyfGVufDB8fDB8fA%3D%3D&auto=format&fit=crop&w=500&q=60,"Tend article stop option here board. For seem population card respond.
Radio imagine nothing. Similar green knowledge future another PM small court.",3,8,3,2021-11-22 05:01:09.741575
69, aubergine, 오베흐진,90.02935773176513,C17,https://images.unsplash.com/photo-1517705008128-361805f42e86?ixlib=rb-4.0.3&ixid=MnwxMjA3fDB8MHxzZWFyY2h8MjB8fGNoYWlyfGVufDB8fDB8fA%3D%3D&auto=format&fit=crop&w=500&q=60,https://images.unsplash.com/photo-1586023492125-27b2c045efd7?ixlib=rb-4.0.3&ixid=MnwxMjA3fDB8MHxzZWFyY2h8MTh8fGNoYWlyfGVufDB8fDB8fA%3D%3D&auto=format&fit=crop&w=500&q=60,"Other law president eat inside. Debate effort church ever. Car keep star field.
Toward low mean discover you able positive identify. Change morning method bad deal vote.",4,0,3,2022-03-05 05:01:09.741575
70, bijou, 비쥬,68.36550707147147,C18,https://images.unsplash.com/photo-1517705008128-361805f42e86?ixlib=rb-4.0.3&ixid=MnwxMjA3fDB8MHxzZWFyY2h8MjB8fGNoYWlyfGVufDB8fDB8fA%3D%3D&auto=format&fit=crop&w=500&q=60,https://images.unsplash.com/photo-1586023492125-27b2c045efd7?ixlib=rb-4.0.3&ixid=MnwxMjA3fDB8MHxzZWFyY2h8MTh8fGNoYWlyfGVufDB8fDB8fA%3D%3D&auto=format&fit=crop&w=500&q=60,"Recognize nature doctor attack number. Policy father quality trouble.
Surface describe young set effect show significant away. Else program thought color.",1,9,3,2021-03-31 05:01:09.741575
71, chapeau, 샤뽀,35.37649603787012,C19,https://images.unsplash.com/photo-1517705008128-361805f42e86?ixlib=rb-4.0.3&ixid=MnwxMjA3fDB8MHxzZWFyY2h8MjB8fGNoYWlyfGVufDB8fDB8fA%3D%3D&auto=format&fit=crop&w=500&q=60,https://images.unsplash.com/photo-1586023492125-27b2c045efd7?ixlib=rb-4.0.3&ixid=MnwxMjA3fDB8MHxzZWFyY2h8MTh8fGNoYWlyfGVufDB8fDB8fA%3D%3D&auto=format&fit=crop&w=500&q=60,"Within beautiful rather phone lead. With with out these minute party.
Each buy system spend day hit west. Look several me test.
Camera test direction serve point mother.",3,6,3,2021-04-16 05:01:09.741575
72, chemisier, 쉐미시에,47.50197514760259,C20,https://images.unsplash.com/photo-1517705008128-361805f42e86?ixlib=rb-4.0.3&ixid=MnwxMjA3fDB8MHxzZWFyY2h8MjB8fGNoYWlyfGVufDB8fDB8fA%3D%3D&auto=format&fit=crop&w=500&q=60,https://images.unsplash.com/photo-1586023492125-27b2c045efd7?ixlib=rb-4.0.3&ixid=MnwxMjA3fDB8MHxzZWFyY2h8MTh8fGNoYWlyfGVufDB8fDB8fA%3D%3D&auto=format&fit=crop&w=500&q=60,"Within wind and recently however administration conference other. Western create individual because why pass.
Down show authority purpose charge yes. Whose name lose director life about.",5,9,3,2021-07-30 05:01:09.741575
73, foncé, 퐁쎄,44.171567174267615,C21,https://images.unsplash.com/photo-1517705008128-361805f42e86?ixlib=rb-4.0.3&ixid=MnwxMjA3fDB8MHxzZWFyY2h8MjB8fGNoYWlyfGVufDB8fDB8fA%3D%3D&auto=format&fit=crop&w=500&q=60,https://images.unsplash.com/photo-1586023492125-27b2c045efd7?ixlib=rb-4.0.3&ixid=MnwxMjA3fDB8MHxzZWFyY2h8MTh8fGNoYWlyfGVufDB8fDB8fA%3D%3D&auto=format&fit=crop&w=500&q=60,"Low ability course. Heart back already foot.
Message general outside commercial guess. Join staff show against trade project. Next within need federal determine.",5,2,3,2020-02-19 05:01:09.741575
74, marinière, 마히니에,18.029836615379956,C22,https://images.unsplash.com/photo-1517705008128-361805f42e86?ixlib=rb-4.0.3&ixid=MnwxMjA3fDB8MHxzZWFyY2h8MjB8fGNoYWlyfGVufDB8fDB8fA%3D%3D&auto=format&fit=crop&w=500&q=60,https://images.unsplash.com/photo-1586023492125-27b2c045efd7?ixlib=rb-4.0.3&ixid=MnwxMjA3fDB8MHxzZWFyY2h8MTh8fGNoYWlyfGVufDB8fDB8fA%3D%3D&auto=format&fit=crop&w=500&q=60,"In around four table serve character also. Agree cold Congress magazine. Help try any dark represent.
Site know fear red assume focus. Deep traditional across page main result because common.",1,5,3,2021-09-14 05:01:09.741575
75, moyenne, 모아옌,73.38076334314214,C23,https://images.unsplash.com/photo-1517705008128-361805f42e86?ixlib=rb-4.0.3&ixid=MnwxMjA3fDB8MHxzZWFyY2h8MjB8fGNoYWlyfGVufDB8fDB8fA%3D%3D&auto=format&fit=crop&w=500&q=60,https://images.unsplash.com/photo-1586023492125-27b2c045efd7?ixlib=rb-4.0.3&ixid=MnwxMjA3fDB8MHxzZWFyY2h8MTh8fGNoYWlyfGVufDB8fDB8fA%3D%3D&auto=format&fit=crop&w=500&q=60,Central after pretty loss. Force follow economy country student fight number. Sell generation information.,1,4,3,2022-09-01 05:01:09.741575
76, alunissage, 아루니싸지,67.59639869111386,C24,https://images.unsplash.com/photo-1517705008128-361805f42e86?ixlib=rb-4.0.3&ixid=MnwxMjA3fDB8MHxzZWFyY2h8MjB8fGNoYWlyfGVufDB8fDB8fA%3D%3D&auto=format&fit=crop&w=500&q=60,https://images.unsplash.com/photo-1586023492125-27b2c045efd7?ixlib=rb-4.0.3&ixid=MnwxMjA3fDB8MHxzZWFyY2h8MTh8fGNoYWlyfGVufDB8fDB8fA%3D%3D&auto=format&fit=crop&w=500&q=60,"West gas answer human story. Commercial discover manage set.
How easy who majority sign know. Program ground military put.",2,5,3,2022-10-10 05:01:09.741575
77, bienvenue, 비앙브뉴,11.901178721202433,C25,https://images.unsplash.com/photo-1517705008128-361805f42e86?ixlib=rb-4.0.3&ixid=MnwxMjA3fDB8MHxzZWFyY2h8MjB8fGNoYWlyfGVufDB8fDB8fA%3D%3D&auto=format&fit=crop&w=500&q=60,https://images.unsplash.com/photo-1586023492125-27b2c045efd7?ixlib=rb-4.0.3&ixid=MnwxMjA3fDB8MHxzZWFyY2h8MTh8fGNoYWlyfGVufDB8fDB8fA%3D%3D&auto=format&fit=crop&w=500&q=60,House sea leader politics three. Sing commercial stuff recent treat. Develop health instead forward actually firm large.,5,3,3,2020-01-23 05:01:09.741575
78, chatoyer, 샤토아예,66.20886151924724,D0,https://images.unsplash.com/photo-1517705008128-361805f42e86?ixlib=rb-4.0.3&ixid=MnwxMjA3fDB8MHxzZWFyY2h8MjB8fGNoYWlyfGVufDB8fDB8fA%3D%3D&auto=format&fit=crop&w=500&q=60,https://images.unsplash.com/photo-1586023492125-27b2c045efd7?ixlib=rb-4.0.3&ixid=MnwxMjA3fDB8MHxzZWFyY2h8MTh8fGNoYWlyfGVufDB8fDB8fA%3D%3D&auto=format&fit=crop&w=500&q=60,"Degree two specific investment police pass upon ten. Firm cost yeah yes. Place still research professional.
Get campaign before arm hour trouble then. Common court oil threat.",1,6,4,2021-05-28 05:01:09.741575
79, espérer, 에스페헤,55.325310506424096,D1,https://images.unsplash.com/photo-1517705008128-361805f42e86?ixlib=rb-4.0.3&ixid=MnwxMjA3fDB8MHxzZWFyY2h8MjB8fGNoYWlyfGVufDB8fDB8fA%3D%3D&auto=format&fit=crop&w=500&q=60,https://images.unsplash.com/photo-1586023492125-27b2c045efd7?ixlib=rb-4.0.3&ixid=MnwxMjA3fDB8MHxzZWFyY2h8MTh8fGNoYWlyfGVufDB8fDB8fA%3D%3D&auto=format&fit=crop&w=500&q=60,"Per five run reveal suffer. Television until get be election production over ability.
Herself expect also degree behind.",3,0,4,2021-10-11 05:01:09.741575
80, esprit, 에스프히,70.45427736479157,D2,https://images.unsplash.com/photo-1517705008128-361805f42e86?ixlib=rb-4.0.3&ixid=MnwxMjA3fDB8MHxzZWFyY2h8MjB8fGNoYWlyfGVufDB8fDB8fA%3D%3D&auto=format&fit=crop&w=500&q=60,https://images.unsplash.com/photo-1586023492125-27b2c045efd7?ixlib=rb-4.0.3&ixid=MnwxMjA3fDB8MHxzZWFyY2h8MTh8fGNoYWlyfGVufDB8fDB8fA%3D%3D&auto=format&fit=crop&w=500&q=60,"Indeed natural nothing avoid market. Half require something key inside.
Tax only feel develop dream. Attack vote outside road. Heart market company north character never.",2,9,4,2022-05-02 05:01:09.741575
81, etoile, 에뜨왈,96.57724703464702,D3,https://images.unsplash.com/photo-1517705008128-361805f42e86?ixlib=rb-4.0.3&ixid=MnwxMjA3fDB8MHxzZWFyY2h8MjB8fGNoYWlyfGVufDB8fDB8fA%3D%3D&auto=format&fit=crop&w=500&q=60,https://images.unsplash.com/photo-1586023492125-27b2c045efd7?ixlib=rb-4.0.3&ixid=MnwxMjA3fDB8MHxzZWFyY2h8MTh8fGNoYWlyfGVufDB8fDB8fA%3D%3D&auto=format&fit=crop&w=500&q=60,"Politics establish gas public. Treat job election fire.
Thought item pay attention. Spend oil cold film lay claim boy finally. Radio so vote.",1,3,4,2021-02-18 05:01:09.741575
82, félicitations, 페리씨타씨옹,79.26586394254609,D4,https://images.unsplash.com/photo-1517705008128-361805f42e86?ixlib=rb-4.0.3&ixid=MnwxMjA3fDB8MHxzZWFyY2h8MjB8fGNoYWlyfGVufDB8fDB8fA%3D%3D&auto=format&fit=crop&w=500&q=60,https://images.unsplash.com/photo-1586023492125-27b2c045efd7?ixlib=rb-4.0.3&ixid=MnwxMjA3fDB8MHxzZWFyY2h8MTh8fGNoYWlyfGVufDB8fDB8fA%3D%3D&auto=format&fit=crop&w=500&q=60,Product through decade hold kitchen push. Example member democratic some order recognize whatever say.,4,6,4,2021-01-01 05:01:09.741575
83, flâner, 프라네,2.502439226705311,D5,https://images.unsplash.com/photo-1517705008128-361805f42e86?ixlib=rb-4.0.3&ixid=MnwxMjA3fDB8MHxzZWFyY2h8MjB8fGNoYWlyfGVufDB8fDB8fA%3D%3D&auto=format&fit=crop&w=500&q=60,https://images.unsplash.com/photo-1586023492125-27b2c045efd7?ixlib=rb-4.0.3&ixid=MnwxMjA3fDB8MHxzZWFyY2h8MTh8fGNoYWlyfGVufDB8fDB8fA%3D%3D&auto=format&fit=crop&w=500&q=60,"Understand me left sit authority someone. Cold president shoulder institution happen many provide third.
Way truth approach during. Bill imagine city window. Put property race.",5,10,4,2021-11-21 05:01:09.741575
84, gentil, 졍티,93.12392147776458,D6,https://images.unsplash.com/photo-1517705008128-361805f42e86?ixlib=rb-4.0.3&ixid=MnwxMjA3fDB8MHxzZWFyY2h8MjB8fGNoYWlyfGVufDB8fDB8fA%3D%3D&auto=format&fit=crop&w=500&q=60,https://images.unsplash.com/photo-1586023492125-27b2c045efd7?ixlib=rb-4.0.3&ixid=MnwxMjA3fDB8MHxzZWFyY2h8MTh8fGNoYWlyfGVufDB8fDB8fA%3D%3D&auto=format&fit=crop&w=500&q=60,Shoulder great growth wear lead mother technology. Personal successful prepare.,4,7,4,2020-10-12 05:01:09.741575
85, meilleur, 메여,98.76436964364527,D7,https://images.unsplash.com/photo-1517705008128-361805f42e86?ixlib=rb-4.0.3&ixid=MnwxMjA3fDB8MHxzZWFyY2h8MjB8fGNoYWlyfGVufDB8fDB8fA%3D%3D&auto=format&fit=crop&w=500&q=60,https://images.unsplash.com/photo-1586023492125-27b2c045efd7?ixlib=rb-4.0.3&ixid=MnwxMjA3fDB8MHxzZWFyY2h8MTh8fGNoYWlyfGVufDB8fDB8fA%3D%3D&auto=format&fit=crop&w=500&q=60,School kind seven painting floor. Traditional world seven require begin oil fall by.,2,6,4,2019-12-25 05:01:09.741575
86, rayonner, 하요네,57.41419244982392,D8,https://images.unsplash.com/photo-1517705008128-361805f42e86?ixlib=rb-4.0.3&ixid=MnwxMjA3fDB8MHxzZWFyY2h8MjB8fGNoYWlyfGVufDB8fDB8fA%3D%3D&auto=format&fit=crop&w=500&q=60,https://images.unsplash.com/photo-1586023492125-27b2c045efd7?ixlib=rb-4.0.3&ixid=MnwxMjA3fDB8MHxzZWFyY2h8MTh8fGNoYWlyfGVufDB8fDB8fA%3D%3D&auto=format&fit=crop&w=500&q=60,Film night go rule bar old though. Evidence source analysis she two represent. Teach over central international ever within.,3,6,4,2022-03-02 05:01:09.741575
87, vivant, 비벙,78.95997832513022,D9,https://images.unsplash.com/photo-1517705008128-361805f42e86?ixlib=rb-4.0.3&ixid=MnwxMjA3fDB8MHxzZWFyY2h8MjB8fGNoYWlyfGVufDB8fDB8fA%3D%3D&auto=format&fit=crop&w=500&q=60,https://images.unsplash.com/photo-1586023492125-27b2c045efd7?ixlib=rb-4.0.3&ixid=MnwxMjA3fDB8MHxzZWFyY2h8MTh8fGNoYWlyfGVufDB8fDB8fA%3D%3D&auto=format&fit=crop&w=500&q=60,"Cost view lot. Evening set entire grow read especially. Agreement lead peace bring.
Democratic hope begin sell street drop. Move little behind seem level. Mouth bit really add catch me good.",1,6,4,2021-07-14 05:01:09.741575
88, araignée, 아헤니에,75.84695107484636,D10,https://images.unsplash.com/photo-1517705008128-361805f42e86?ixlib=rb-4.0.3&ixid=MnwxMjA3fDB8MHxzZWFyY2h8MjB8fGNoYWlyfGVufDB8fDB8fA%3D%3D&auto=format&fit=crop&w=500&q=60,https://images.unsplash.com/photo-1586023492125-27b2c045efd7?ixlib=rb-4.0.3&ixid=MnwxMjA3fDB8MHxzZWFyY2h8MTh8fGNoYWlyfGVufDB8fDB8fA%3D%3D&auto=format&fit=crop&w=500&q=60,Its I her relationship either factor whose her. Hard situation approach realize. Defense wish likely man show father. Customer keep local price benefit.,2,6,4,2020-12-13 05:01:09.741575
89, blaireau, 브레호,97.72424812374695,D11,https://images.unsplash.com/photo-1517705008128-361805f42e86?ixlib=rb-4.0.3&ixid=MnwxMjA3fDB8MHxzZWFyY2h8MjB8fGNoYWlyfGVufDB8fDB8fA%3D%3D&auto=format&fit=crop&w=500&q=60,https://images.unsplash.com/photo-1586023492125-27b2c045efd7?ixlib=rb-4.0.3&ixid=MnwxMjA3fDB8MHxzZWFyY2h8MTh8fGNoYWlyfGVufDB8fDB8fA%3D%3D&auto=format&fit=crop&w=500&q=60,Three require prove relate. Person summer use. Science who let. House world though capital.,1,9,4,2020-10-21 05:01:09.741575
90, boulangerie, 부렁져히,15.964905312180843,D12,https://images.unsplash.com/photo-1517705008128-361805f42e86?ixlib=rb-4.0.3&ixid=MnwxMjA3fDB8MHxzZWFyY2h8MjB8fGNoYWlyfGVufDB8fDB8fA%3D%3D&auto=format&fit=crop&w=500&q=60,https://images.unsplash.com/photo-1586023492125-27b2c045efd7?ixlib=rb-4.0.3&ixid=MnwxMjA3fDB8MHxzZWFyY2h8MTh8fGNoYWlyfGVufDB8fDB8fA%3D%3D&auto=format&fit=crop&w=500&q=60,Argue drug husband concern since civil. Design air state vote. Allow kitchen next front.,1,7,4,2020-05-11 05:01:09.741575
91, camion, 까미옹,23.99549589373766,D13,https://images.unsplash.com/photo-1517705008128-361805f42e86?ixlib=rb-4.0.3&ixid=MnwxMjA3fDB8MHxzZWFyY2h8MjB8fGNoYWlyfGVufDB8fDB8fA%3D%3D&auto=format&fit=crop&w=500&q=60,https://images.unsplash.com/photo-1586023492125-27b2c045efd7?ixlib=rb-4.0.3&ixid=MnwxMjA3fDB8MHxzZWFyY2h8MTh8fGNoYWlyfGVufDB8fDB8fA%3D%3D&auto=format&fit=crop&w=500&q=60,"Ahead collection budget bring. Type measure institution second.
Network western Mrs within official. Democratic probably analysis character record. Late school responsibility partner.",1,4,4,2020-08-31 05:01:09.741575
92, la mer, 라 메흐,96.64431495503861,D14,https://images.unsplash.com/photo-1517705008128-361805f42e86?ixlib=rb-4.0.3&ixid=MnwxMjA3fDB8MHxzZWFyY2h8MjB8fGNoYWlyfGVufDB8fDB8fA%3D%3D&auto=format&fit=crop&w=500&q=60,https://images.unsplash.com/photo-1586023492125-27b2c045efd7?ixlib=rb-4.0.3&ixid=MnwxMjA3fDB8MHxzZWFyY2h8MTh8fGNoYWlyfGVufDB8fDB8fA%3D%3D&auto=format&fit=crop&w=500&q=60,Citizen main level unit. Yeah near rich purpose. Hard take direction detail approach range measure.,3,4,4,2021-03-04 05:01:09.741575
93, chanson, 샹쏭,13.685136628249628,D15,https://images.unsplash.com/photo-1517705008128-361805f42e86?ixlib=rb-4.0.3&ixid=MnwxMjA3fDB8MHxzZWFyY2h8MjB8fGNoYWlyfGVufDB8fDB8fA%3D%3D&auto=format&fit=crop&w=500&q=60,https://images.unsplash.com/photo-1586023492125-27b2c045efd7?ixlib=rb-4.0.3&ixid=MnwxMjA3fDB8MHxzZWFyY2h8MTh8fGNoYWlyfGVufDB8fDB8fA%3D%3D&auto=format&fit=crop&w=500&q=60,Current ahead imagine. Lot already painting anything treatment run. Race home mean. Deep quality suggest back discover hospital miss.,3,4,4,2022-03-18 05:01:09.741575
94, coccinelle, 콕씨넬,97.55159960656516,D16,https://images.unsplash.com/photo-1517705008128-361805f42e86?ixlib=rb-4.0.3&ixid=MnwxMjA3fDB8MHxzZWFyY2h8MjB8fGNoYWlyfGVufDB8fDB8fA%3D%3D&auto=format&fit=crop&w=500&q=60,https://images.unsplash.com/photo-1586023492125-27b2c045efd7?ixlib=rb-4.0.3&ixid=MnwxMjA3fDB8MHxzZWFyY2h8MTh8fGNoYWlyfGVufDB8fDB8fA%3D%3D&auto=format&fit=crop&w=500&q=60,Water soon begin player scene live discussion exist. Wear kind goal very language. Better think film party.,3,5,4,2021-11-15 05:01:09.741575
95, deuxième, 두지엠,24.115051587131433,D17,https://images.unsplash.com/photo-1517705008128-361805f42e86?ixlib=rb-4.0.3&ixid=MnwxMjA3fDB8MHxzZWFyY2h8MjB8fGNoYWlyfGVufDB8fDB8fA%3D%3D&auto=format&fit=crop&w=500&q=60,https://images.unsplash.com/photo-1586023492125-27b2c045efd7?ixlib=rb-4.0.3&ixid=MnwxMjA3fDB8MHxzZWFyY2h8MTh8fGNoYWlyfGVufDB8fDB8fA%3D%3D&auto=format&fit=crop&w=500&q=60,"College half water successful left rich use. Give lose herself sign degree speech. Know song mean baby join catch.
Four people senior situation. That whatever language board government major.",5,8,4,2020-03-20 05:01:09.741575
96, jonquille, 종키,30.30845512320769,D18,https://images.unsplash.com/photo-1517705008128-361805f42e86?ixlib=rb-4.0.3&ixid=MnwxMjA3fDB8MHxzZWFyY2h8MjB8fGNoYWlyfGVufDB8fDB8fA%3D%3D&auto=format&fit=crop&w=500&q=60,https://images.unsplash.com/photo-1586023492125-27b2c045efd7?ixlib=rb-4.0.3&ixid=MnwxMjA3fDB8MHxzZWFyY2h8MTh8fGNoYWlyfGVufDB8fDB8fA%3D%3D&auto=format&fit=crop&w=500&q=60,Hospital camera shake similar. Nation take our. Tax need happen billion hair.,4,6,4,2022-05-20 05:01:09.741575
97, poisson, 포아쏭,31.87781330953996,D19,https://images.unsplash.com/photo-1517705008128-361805f42e86?ixlib=rb-4.0.3&ixid=MnwxMjA3fDB8MHxzZWFyY2h8MjB8fGNoYWlyfGVufDB8fDB8fA%3D%3D&auto=format&fit=crop&w=500&q=60,https://images.unsplash.com/photo-1586023492125-27b2c045efd7?ixlib=rb-4.0.3&ixid=MnwxMjA3fDB8MHxzZWFyY2h8MTh8fGNoYWlyfGVufDB8fDB8fA%3D%3D&auto=format&fit=crop&w=500&q=60,"Read unit nice. Medical rock across shake just this. Like something study example get.
Pick fly day toward wife each. Upon executive play those road. Laugh term example hundred whatever it.",0,9,4,2020-05-10 05:01:09.741575
98, troisième, 트와지엠,94.02562749267022,D20,https://images.unsplash.com/photo-1517705008128-361805f42e86?ixlib=rb-4.0.3&ixid=MnwxMjA3fDB8MHxzZWFyY2h8MjB8fGNoYWlyfGVufDB8fDB8fA%3D%3D&auto=format&fit=crop&w=500&q=60,https://images.unsplash.com/photo-1586023492125-27b2c045efd7?ixlib=rb-4.0.3&ixid=MnwxMjA3fDB8MHxzZWFyY2h8MTh8fGNoYWlyfGVufDB8fDB8fA%3D%3D&auto=format&fit=crop&w=500&q=60,"Age strong expect movie. Person deal glass low.
Moment garden affect exist never fire possible. Water thing behind my.",0,5,4,2020-05-02 05:01:09.741575
99, Le Monde, 르 몽드,63.404399514071216,D21,https://images.unsplash.com/photo-1517705008128-361805f42e86?ixlib=rb-4.0.3&ixid=MnwxMjA3fDB8MHxzZWFyY2h8MjB8fGNoYWlyfGVufDB8fDB8fA%3D%3D&auto=format&fit=crop&w=500&q=60,https://images.unsplash.com/photo-1586023492125-27b2c045efd7?ixlib=rb-4.0.3&ixid=MnwxMjA3fDB8MHxzZWFyY2h8MTh8fGNoYWlyfGVufDB8fDB8fA%3D%3D&auto=format&fit=crop&w=500&q=60,"There sure road stage discussion. Last mouth tax subject single company. Small listen response back a kind.
Wide product mission story. Appear in bag improve company should.",1,2,4,2020-05-09 05:01:09.741575
100, La Croix, 라 끄와,30.62081959176237,D22,https://images.unsplash.com/photo-1517705008128-361805f42e86?ixlib=rb-4.0.3&ixid=MnwxMjA3fDB8MHxzZWFyY2h8MjB8fGNoYWlyfGVufDB8fDB8fA%3D%3D&auto=format&fit=crop&w=500&q=60,https://images.unsplash.com/photo-1586023492125-27b2c045efd7?ixlib=rb-4.0.3&ixid=MnwxMjA3fDB8MHxzZWFyY2h8MTh8fGNoYWlyfGVufDB8fDB8fA%3D%3D&auto=format&fit=crop&w=500&q=60,"Suddenly him reach mouth strong most wrong former. None hand purpose available box so a. Store late same material conference reason.
Miss few partner piece step drive.",5,8,4,2021-04-15 05:01:09.741575
101, Le Parisien, 르 파히지엉,19.090821499657583,D23,https://images.unsplash.com/photo-1517705008128-361805f42e86?ixlib=rb-4.0.3&ixid=MnwxMjA3fDB8MHxzZWFyY2h8MjB8fGNoYWlyfGVufDB8fDB8fA%3D%3D&auto=format&fit=crop&w=500&q=60,https://images.unsplash.com/photo-1586023492125-27b2c045efd7?ixlib=rb-4.0.3&ixid=MnwxMjA3fDB8MHxzZWFyY2h8MTh8fGNoYWlyfGVufDB8fDB8fA%3D%3D&auto=format&fit=crop&w=500&q=60,"Increase former network happen consumer throughout suggest.
Spend across card same administration start. Particularly various cold sort.",4,9,4,2021-11-21 05:01:09.741575
102, le plus, 르 쁠루,2.7732666752891433,D24,https://images.unsplash.com/photo-1517705008128-361805f42e86?ixlib=rb-4.0.3&ixid=MnwxMjA3fDB8MHxzZWFyY2h8MjB8fGNoYWlyfGVufDB8fDB8fA%3D%3D&auto=format&fit=crop&w=500&q=60,https://images.unsplash.com/photo-1586023492125-27b2c045efd7?ixlib=rb-4.0.3&ixid=MnwxMjA3fDB8MHxzZWFyY2h8MTh8fGNoYWlyfGVufDB8fDB8fA%3D%3D&auto=format&fit=crop&w=500&q=60,"Scene military kind and thus just. White nothing kind on movement too. Accept quality expert.
Especially ball improve break discuss. Hot truth current mention.",2,3,4,2021-09-22 05:01:09.741575
103, de la guerre, 드 라 게흐,37.1646194324891,D25,https://images.unsplash.com/photo-1517705008128-361805f42e86?ixlib=rb-4.0.3&ixid=MnwxMjA3fDB8MHxzZWFyY2h8MjB8fGNoYWlyfGVufDB8fDB8fA%3D%3D&auto=format&fit=crop&w=500&q=60,https://images.unsplash.com/photo-1586023492125-27b2c045efd7?ixlib=rb-4.0.3&ixid=MnwxMjA3fDB8MHxzZWFyY2h8MTh8fGNoYWlyfGVufDB8fDB8fA%3D%3D&auto=format&fit=crop&w=500&q=60,"Way color kid appear wall lawyer service network. Science student candidate reality green well arm small.
Evidence center create arm room your. Finish under buy think.",3,9,4,2021-08-17 05:01:09.741575
104, les école, 레 제꼴,41.03966748882788,E0,https://images.unsplash.com/photo-1517705008128-361805f42e86?ixlib=rb-4.0.3&ixid=MnwxMjA3fDB8MHxzZWFyY2h8MjB8fGNoYWlyfGVufDB8fDB8fA%3D%3D&auto=format&fit=crop&w=500&q=60,https://images.unsplash.com/photo-1586023492125-27b2c045efd7?ixlib=rb-4.0.3&ixid=MnwxMjA3fDB8MHxzZWFyY2h8MTh8fGNoYWlyfGVufDB8fDB8fA%3D%3D&auto=format&fit=crop&w=500&q=60,Try every PM chance animal check. Beautiful wait involve always not heart step myself.,5,6,5,2022-09-15 05:01:09.741575
105, lundi, 렁디,87.19348390665894,E1,https://images.unsplash.com/photo-1517705008128-361805f42e86?ixlib=rb-4.0.3&ixid=MnwxMjA3fDB8MHxzZWFyY2h8MjB8fGNoYWlyfGVufDB8fDB8fA%3D%3D&auto=format&fit=crop&w=500&q=60,https://images.unsplash.com/photo-1586023492125-27b2c045efd7?ixlib=rb-4.0.3&ixid=MnwxMjA3fDB8MHxzZWFyY2h8MTh8fGNoYWlyfGVufDB8fDB8fA%3D%3D&auto=format&fit=crop&w=500&q=60,"Local piece actually color a. Rich might foreign partner occur should between process.
More within let always improve truth across. Analysis magazine generation thank agency run hear happen.",3,3,5,2020-05-31 05:01:09.741575
106, le froid, 르 프화,71.58364147660133,E2,https://images.unsplash.com/photo-1517705008128-361805f42e86?ixlib=rb-4.0.3&ixid=MnwxMjA3fDB8MHxzZWFyY2h8MjB8fGNoYWlyfGVufDB8fDB8fA%3D%3D&auto=format&fit=crop&w=500&q=60,https://images.unsplash.com/photo-1586023492125-27b2c045efd7?ixlib=rb-4.0.3&ixid=MnwxMjA3fDB8MHxzZWFyY2h8MTh8fGNoYWlyfGVufDB8fDB8fA%3D%3D&auto=format&fit=crop&w=500&q=60,"Keep painting room car book adult. Once believe each.
Professor practice necessary attack job girl. Information right kind character interview learn. Nor statement trouble rich success moment when.",5,6,5,2021-07-17 05:01:09.741575
107, montagne, 몽타녀,64.52236078241911,E3,https://images.unsplash.com/photo-1517705008128-361805f42e86?ixlib=rb-4.0.3&ixid=MnwxMjA3fDB8MHxzZWFyY2h8MjB8fGNoYWlyfGVufDB8fDB8fA%3D%3D&auto=format&fit=crop&w=500&q=60,https://images.unsplash.com/photo-1586023492125-27b2c045efd7?ixlib=rb-4.0.3&ixid=MnwxMjA3fDB8MHxzZWFyY2h8MTh8fGNoYWlyfGVufDB8fDB8fA%3D%3D&auto=format&fit=crop&w=500&q=60,"Explain age fish up rule where become.
Drop eight level eat. Without history trouble that way.
Feel relate sell. Order letter board increase book.",0,9,5,2021-11-24 05:01:09.741575
108, la neige, 라 네지,7.845818747018596,E4,https://images.unsplash.com/photo-1517705008128-361805f42e86?ixlib=rb-4.0.3&ixid=MnwxMjA3fDB8MHxzZWFyY2h8MjB8fGNoYWlyfGVufDB8fDB8fA%3D%3D&auto=format&fit=crop&w=500&q=60,https://images.unsplash.com/photo-1586023492125-27b2c045efd7?ixlib=rb-4.0.3&ixid=MnwxMjA3fDB8MHxzZWFyY2h8MTh8fGNoYWlyfGVufDB8fDB8fA%3D%3D&auto=format&fit=crop&w=500&q=60,"Cover quickly five born red. Medical sing such everyone matter. Cold step much concern international boy nation.
Fund back religious measure people. Book ever hand along guy drug sense how.",0,6,5,2020-04-20 05:01:09.741575
109, la présentation, 라 프헤성타시옹,91.56413756207355,E5,https://images.unsplash.com/photo-1517705008128-361805f42e86?ixlib=rb-4.0.3&ixid=MnwxMjA3fDB8MHxzZWFyY2h8MjB8fGNoYWlyfGVufDB8fDB8fA%3D%3D&auto=format&fit=crop&w=500&q=60,https://images.unsplash.com/photo-1586023492125-27b2c045efd7?ixlib=rb-4.0.3&ixid=MnwxMjA3fDB8MHxzZWFyY2h8MTh8fGNoYWlyfGVufDB8fDB8fA%3D%3D&auto=format&fit=crop&w=500&q=60,"Interesting participant field probably heart. Someone ahead sometimes begin live onto.
Serious appear he former affect blood.",2,0,5,2020-11-25 05:01:09.741575
110, décembre, 데썽브흐,30.032380789957237,E6,https://images.unsplash.com/photo-1517705008128-361805f42e86?ixlib=rb-4.0.3&ixid=MnwxMjA3fDB8MHxzZWFyY2h8MjB8fGNoYWlyfGVufDB8fDB8fA%3D%3D&auto=format&fit=crop&w=500&q=60,https://images.unsplash.com/photo-1586023492125-27b2c045efd7?ixlib=rb-4.0.3&ixid=MnwxMjA3fDB8MHxzZWFyY2h8MTh8fGNoYWlyfGVufDB8fDB8fA%3D%3D&auto=format&fit=crop&w=500&q=60,"Really require far hotel. Moment risk girl street.
Word church easy expect drop. Well feel book ground relate whole. Field ground trip accept.",0,1,5,2020-12-20 05:01:09.741575
111, Découvrez, 데쿠브헤,53.20611148133017,E7,https://images.unsplash.com/photo-1517705008128-361805f42e86?ixlib=rb-4.0.3&ixid=MnwxMjA3fDB8MHxzZWFyY2h8MjB8fGNoYWlyfGVufDB8fDB8fA%3D%3D&auto=format&fit=crop&w=500&q=60,https://images.unsplash.com/photo-1586023492125-27b2c045efd7?ixlib=rb-4.0.3&ixid=MnwxMjA3fDB8MHxzZWFyY2h8MTh8fGNoYWlyfGVufDB8fDB8fA%3D%3D&auto=format&fit=crop&w=500&q=60,Subject sort series know where let anything. Always five nation technology add agent college. Surface traditional budget place move skill during.,5,8,5,2020-10-22 05:01:09.741575
112, le classement, 라 끌라스멍,94.27050872350512,E8,https://images.unsplash.com/photo-1517705008128-361805f42e86?ixlib=rb-4.0.3&ixid=MnwxMjA3fDB8MHxzZWFyY2h8MjB8fGNoYWlyfGVufDB8fDB8fA%3D%3D&auto=format&fit=crop&w=500&q=60,https://images.unsplash.com/photo-1586023492125-27b2c045efd7?ixlib=rb-4.0.3&ixid=MnwxMjA3fDB8MHxzZWFyY2h8MTh8fGNoYWlyfGVufDB8fDB8fA%3D%3D&auto=format&fit=crop&w=500&q=60,Majority writer green paper do. Listen girl send husband. West watch TV respond new many.,3,3,5,2021-02-07 05:01:09.741575
113, Le centre-ville, 르 썽트흐 비,45.788415956750804,E9,https://images.unsplash.com/photo-1517705008128-361805f42e86?ixlib=rb-4.0.3&ixid=MnwxMjA3fDB8MHxzZWFyY2h8MjB8fGNoYWlyfGVufDB8fDB8fA%3D%3D&auto=format&fit=crop&w=500&q=60,https://images.unsplash.com/photo-1586023492125-27b2c045efd7?ixlib=rb-4.0.3&ixid=MnwxMjA3fDB8MHxzZWFyY2h8MTh8fGNoYWlyfGVufDB8fDB8fA%3D%3D&auto=format&fit=crop&w=500&q=60,"Population dream despite. Industry stand American part.
Mouth page former usually above industry item. Out catch leave and.
Standard near north do. Fish cost land out teacher.",5,8,5,2020-06-16 05:01:09.741575
114, La périphérie, 라 페히페히,74.9591049193733,E10,https://images.unsplash.com/photo-1517705008128-361805f42e86?ixlib=rb-4.0.3&ixid=MnwxMjA3fDB8MHxzZWFyY2h8MjB8fGNoYWlyfGVufDB8fDB8fA%3D%3D&auto=format&fit=crop&w=500&q=60,https://images.unsplash.com/photo-1586023492125-27b2c045efd7?ixlib=rb-4.0.3&ixid=MnwxMjA3fDB8MHxzZWFyY2h8MTh8fGNoYWlyfGVufDB8fDB8fA%3D%3D&auto=format&fit=crop&w=500&q=60,"Believe skill never effect stop name. Easy fall south read significant performance tough. Growth do chance term attack to issue challenge.
Court bar citizen group. Training operation quickly once.",1,9,5,2020-04-03 05:01:09.741575
115, explication, 엑스플리까시옹,52.379616964433794,E11,https://images.unsplash.com/photo-1517705008128-361805f42e86?ixlib=rb-4.0.3&ixid=MnwxMjA3fDB8MHxzZWFyY2h8MjB8fGNoYWlyfGVufDB8fDB8fA%3D%3D&auto=format&fit=crop&w=500&q=60,https://images.unsplash.com/photo-1586023492125-27b2c045efd7?ixlib=rb-4.0.3&ixid=MnwxMjA3fDB8MHxzZWFyY2h8MTh8fGNoYWlyfGVufDB8fDB8fA%3D%3D&auto=format&fit=crop&w=500&q=60,Ready teach population eight. Role church also before vote range. Character start hour go answer light. Yet put laugh heart.,4,1,5,2022-12-10 05:01:09.741575
116, aussi, 오씨,89.11193890564772,E12,https://images.unsplash.com/photo-1517705008128-361805f42e86?ixlib=rb-4.0.3&ixid=MnwxMjA3fDB8MHxzZWFyY2h8MjB8fGNoYWlyfGVufDB8fDB8fA%3D%3D&auto=format&fit=crop&w=500&q=60,https://images.unsplash.com/photo-1586023492125-27b2c045efd7?ixlib=rb-4.0.3&ixid=MnwxMjA3fDB8MHxzZWFyY2h8MTh8fGNoYWlyfGVufDB8fDB8fA%3D%3D&auto=format&fit=crop&w=500&q=60,Everything detail do most card might language eye. Your capital next store contain scientist. Public process good rest find.,5,5,5,2022-10-17 05:01:09.741575
117, jusqu'à quand, 쥬스까 껑,29.686614931192512,E13,https://images.unsplash.com/photo-1517705008128-361805f42e86?ixlib=rb-4.0.3&ixid=MnwxMjA3fDB8MHxzZWFyY2h8MjB8fGNoYWlyfGVufDB8fDB8fA%3D%3D&auto=format&fit=crop&w=500&q=60,https://images.unsplash.com/photo-1586023492125-27b2c045efd7?ixlib=rb-4.0.3&ixid=MnwxMjA3fDB8MHxzZWFyY2h8MTh8fGNoYWlyfGVufDB8fDB8fA%3D%3D&auto=format&fit=crop&w=500&q=60,Better task music shake window federal. Baby bank always decide. Organization should clear phone vote.,3,1,5,2022-12-07 05:01:09.741575
118, Jardin, 자흐당,9.718647575510065,E14,https://images.unsplash.com/photo-1517705008128-361805f42e86?ixlib=rb-4.0.3&ixid=MnwxMjA3fDB8MHxzZWFyY2h8MjB8fGNoYWlyfGVufDB8fDB8fA%3D%3D&auto=format&fit=crop&w=500&q=60,https://images.unsplash.com/photo-1586023492125-27b2c045efd7?ixlib=rb-4.0.3&ixid=MnwxMjA3fDB8MHxzZWFyY2h8MTh8fGNoYWlyfGVufDB8fDB8fA%3D%3D&auto=format&fit=crop&w=500&q=60,"Owner couple trip Mrs human meet computer. Show write want writer image.
Amount worker model shoulder American last start. Where single skin yes over describe once. Foreign picture phone participant.",3,8,5,2020-01-25 05:01:09.741575
119, Après la mort, 아프헤 라 모흐,47.31025078565718,E15,https://images.unsplash.com/photo-1517705008128-361805f42e86?ixlib=rb-4.0.3&ixid=MnwxMjA3fDB8MHxzZWFyY2h8MjB8fGNoYWlyfGVufDB8fDB8fA%3D%3D&auto=format&fit=crop&w=500&q=60,https://images.unsplash.com/photo-1586023492125-27b2c045efd7?ixlib=rb-4.0.3&ixid=MnwxMjA3fDB8MHxzZWFyY2h8MTh8fGNoYWlyfGVufDB8fDB8fA%3D%3D&auto=format&fit=crop&w=500&q=60,"Anything staff oil new require. Major result better share world rise think any.
Democratic including policy care image.",2,1,5,2020-05-28 05:01:09.741575
120, La Personnel, 라 펙쏘넬,26.25277057647556,E16,https://images.unsplash.com/photo-1517705008128-361805f42e86?ixlib=rb-4.0.3&ixid=MnwxMjA3fDB8MHxzZWFyY2h8MjB8fGNoYWlyfGVufDB8fDB8fA%3D%3D&auto=format&fit=crop&w=500&q=60,https://images.unsplash.com/photo-1586023492125-27b2c045efd7?ixlib=rb-4.0.3&ixid=MnwxMjA3fDB8MHxzZWFyY2h8MTh8fGNoYWlyfGVufDB8fDB8fA%3D%3D&auto=format&fit=crop&w=500&q=60,Opportunity again building. Might let serious government reveal believe heavy pretty.,3,7,5,2022-08-24 05:01:09.741575
121, Le ministre, 르 미니스트흐,27.191503044686073,E17,https://images.unsplash.com/photo-1517705008128-361805f42e86?ixlib=rb-4.0.3&ixid=MnwxMjA3fDB8MHxzZWFyY2h8MjB8fGNoYWlyfGVufDB8fDB8fA%3D%3D&auto=format&fit=crop&w=500&q=60,https://images.unsplash.com/photo-1586023492125-27b2c045efd7?ixlib=rb-4.0.3&ixid=MnwxMjA3fDB8MHxzZWFyY2h8MTh8fGNoYWlyfGVufDB8fDB8fA%3D%3D&auto=format&fit=crop&w=500&q=60,Rate dark visit indeed raise. Work star while team entire person before. Activity change already statement. Energy phone decade offer answer.,0,2,5,2020-08-15 05:01:09.741575
122, Divergences, 디베흐졍스,99.6728310036493,E18,https://images.unsplash.com/photo-1517705008128-361805f42e86?ixlib=rb-4.0.3&ixid=MnwxMjA3fDB8MHxzZWFyY2h8MjB8fGNoYWlyfGVufDB8fDB8fA%3D%3D&auto=format&fit=crop&w=500&q=60,https://images.unsplash.com/photo-1586023492125-27b2c045efd7?ixlib=rb-4.0.3&ixid=MnwxMjA3fDB8MHxzZWFyY2h8MTh8fGNoYWlyfGVufDB8fDB8fA%3D%3D&auto=format&fit=crop&w=500&q=60,"Simple nature culture economy. Week shake study produce. Food adult act low with candidate.
Hard usually place week realize fish. Couple into here state. Measure have reach both seat vote.",0,8,5,2020-01-05 05:01:09.741575
123, Histoire, 이스토와,21.81324178363947,E19,https://images.unsplash.com/photo-1517705008128-361805f42e86?ixlib=rb-4.0.3&ixid=MnwxMjA3fDB8MHxzZWFyY2h8MjB8fGNoYWlyfGVufDB8fDB8fA%3D%3D&auto=format&fit=crop&w=500&q=60,https://images.unsplash.com/photo-1586023492125-27b2c045efd7?ixlib=rb-4.0.3&ixid=MnwxMjA3fDB8MHxzZWFyY2h8MTh8fGNoYWlyfGVufDB8fDB8fA%3D%3D&auto=format&fit=crop&w=500&q=60,Office probably whole. Old why beautiful probably coach case drive. Her page enter. Grow personal hour true food always out.,2,8,5,2020-05-09 05:01:09.741575
124, Les États-Unis, 레 제타쥬니,91.16681348881215,E20,https://images.unsplash.com/photo-1517705008128-361805f42e86?ixlib=rb-4.0.3&ixid=MnwxMjA3fDB8MHxzZWFyY2h8MjB8fGNoYWlyfGVufDB8fDB8fA%3D%3D&auto=format&fit=crop&w=500&q=60,https://images.unsplash.com/photo-1586023492125-27b2c045efd7?ixlib=rb-4.0.3&ixid=MnwxMjA3fDB8MHxzZWFyY2h8MTh8fGNoYWlyfGVufDB8fDB8fA%3D%3D&auto=format&fit=crop&w=500&q=60,"Leave wish direction. Past stuff collection skin company improve might. Gas run everyone speech else.
West capital despite now compare energy school property. Serve move note when.",2,1,5,2019-12-26 05:01:09.741575
125, Regarder, 흐가흐데,15.336813739057998,E21,https://images.unsplash.com/photo-1517705008128-361805f42e86?ixlib=rb-4.0.3&ixid=MnwxMjA3fDB8MHxzZWFyY2h8MjB8fGNoYWlyfGVufDB8fDB8fA%3D%3D&auto=format&fit=crop&w=500&q=60,https://images.unsplash.com/photo-1586023492125-27b2c045efd7?ixlib=rb-4.0.3&ixid=MnwxMjA3fDB8MHxzZWFyY2h8MTh8fGNoYWlyfGVufDB8fDB8fA%3D%3D&auto=format&fit=crop&w=500&q=60,"Smile common data hot. Of hospital service. House ability idea candidate.
Brother growth least medical well. Serious computer share natural girl.",3,5,5,2022-04-15 05:01:09.741575
126, Riches, 히쉬,51.48735751702911,E22,https://images.unsplash.com/photo-1517705008128-361805f42e86?ixlib=rb-4.0.3&ixid=MnwxMjA3fDB8MHxzZWFyY2h8MjB8fGNoYWlyfGVufDB8fDB8fA%3D%3D&auto=format&fit=crop&w=500&q=60,https://images.unsplash.com/photo-1586023492125-27b2c045efd7?ixlib=rb-4.0.3&ixid=MnwxMjA3fDB8MHxzZWFyY2h8MTh8fGNoYWlyfGVufDB8fDB8fA%3D%3D&auto=format&fit=crop&w=500&q=60,"Individual alone hotel spend water listen. He language listen interesting write close day hotel.
Try else office assume girl system human. Way Democrat book offer.",5,8,5,2020-09-20 05:01:09.741575
127, La classe, 라 클라스,52.10330982397129,E23,https://images.unsplash.com/photo-1517705008128-361805f42e86?ixlib=rb-4.0.3&ixid=MnwxMjA3fDB8MHxzZWFyY2h8MjB8fGNoYWlyfGVufDB8fDB8fA%3D%3D&auto=format&fit=crop&w=500&q=60,https://images.unsplash.com/photo-1586023492125-27b2c045efd7?ixlib=rb-4.0.3&ixid=MnwxMjA3fDB8MHxzZWFyY2h8MTh8fGNoYWlyfGVufDB8fDB8fA%3D%3D&auto=format&fit=crop&w=500&q=60,"Author five time notice population assume require. List thing property fact country success offer.
Produce present bar suggest interest. Mr fund reality tell. Buy better image.",1,8,5,2022-02-02 05:01:09.741575
128, Du terrain, 듀 떼항,77.8051664544645,E24,https://images.unsplash.com/photo-1517705008128-361805f42e86?ixlib=rb-4.0.3&ixid=MnwxMjA3fDB8MHxzZWFyY2h8MjB8fGNoYWlyfGVufDB8fDB8fA%3D%3D&auto=format&fit=crop&w=500&q=60,https://images.unsplash.com/photo-1586023492125-27b2c045efd7?ixlib=rb-4.0.3&ixid=MnwxMjA3fDB8MHxzZWFyY2h8MTh8fGNoYWlyfGVufDB8fDB8fA%3D%3D&auto=format&fit=crop&w=500&q=60,Action quickly line any life campaign PM. Attack factor new why result difficult. Need likely attack still culture yet assume gas.,5,9,5,2020-11-16 05:01:09.741575
129, Directeur, 디헥떠,40.35801696925855,E25,https://images.unsplash.com/photo-1517705008128-361805f42e86?ixlib=rb-4.0.3&ixid=MnwxMjA3fDB8MHxzZWFyY2h8MjB8fGNoYWlyfGVufDB8fDB8fA%3D%3D&auto=format&fit=crop&w=500&q=60,https://images.unsplash.com/photo-1586023492125-27b2c045efd7?ixlib=rb-4.0.3&ixid=MnwxMjA3fDB8MHxzZWFyY2h8MTh8fGNoYWlyfGVufDB8fDB8fA%3D%3D&auto=format&fit=crop&w=500&q=60,"Price clearly middle. Still focus both close measure. Five over can.
Their almost summer. Worry arm consumer shake.
Election measure eight analysis tax deal the. Mrs must politics modern.",5,0,5,2022-04-05 05:01:09.741575