,name,koreanName,price,productCode,thumbnailUrl,exampleImageUrl,description,rating,stock,categoryId,createdAt
0,bonbons sucrés,봉봉 수크레,49.93724880775092,A0,https://images.unsplash.com/photo-1505693416388-ac5ce068fe85?ixlib=rb-4.0.3&ixid=MnwxMjA3fDB8MHxzZWFyY2h8M3x8YmVkfGVufDB8fDB8fA%3D%3D&auto=format&fit=crop&w=500&q=60,https://images.unsplash.com/photo-1552650272-b8a34e21bc4b?ixlib=rb-4.0.3&ixid=MnwxMjA3fDB8MHxzZWFyY2h8MTh8fGJlZHxlbnwwfHwwfHw%3D&auto=format&fit=crop&w=500&q=60,Which growth condition answer pattern. South born rock free simple official network Congress. Actually give step along detail.,5,4,1,2020-07-25 06:32:46.430894
1, somnolente, 솜노렁트,22.458603330918258,A1,https://images.unsplash.com/photo-1505693416388-ac5ce068fe85?ixlib=rb-4.0.3&ixid=MnwxMjA3fDB8MHxzZWFyY2h8M3x8YmVkfGVufDB8fDB8fA%3D%3D&auto=format&fit=crop&w=500&q=60,https://images.unsplash.com/photo-1552650272-b8a34e21bc4b?ixlib=rb-4.0.3&ixid=MnwxMjA3fDB8MHxzZWFyY2h8MTh8fGJlZHxlbnwwfHwwfHw%3D&auto=format&fit=crop&w=500&q=60,Set system week off of industry various. National education whose close affect own spend. Against know result task.,3,1,1,2021-01-03 06:32:46.430894
2, épicée, 에피쎄,64.39351495534513,A2,https://images.unsplash.com/photo-1505693416388-ac5ce068fe85?ixlib=rb-4.0.3&ixid=MnwxMjA3fDB8MHxzZWFyY2h8M3x8YmVkfGVufDB8fDB8fA%3D%3D&auto=format&fit=crop&w=500&q=60,https://images.unsplash.com/photo-1552650272-b8a34e21bc4b?ixlib=rb-4.0.3&ixid=MnwxMjA3fDB8MHxzZWFyY2h8MTh8fGJlZHxlbnwwfHwwfHw%3D&auto=format&fit=crop&w=500&q=60,Investment whom themselves when woman movement huge. Particular real enjoy. Already according late boy simple point put.,0,2,1,2021-03-29 06:32:46.430894
3, chaussures, 쇼슈어,39.112709474555885,A3,https://images.unsplash.com/photo-1505693416388-ac5ce068fe85?ixlib=rb-4.0.3&ixid=MnwxMjA3fDB8MHxzZWFyY2h8M3x8YmVkfGVufDB8fDB8fA%3D%3D&auto=format&fit=crop&w=500&q=60,https://images.unsplash.com/photo-1552650272-b8a34e21bc4b?ixlib=rb-4.0.3&ixid=MnwxMjA3fDB8MHxzZWFyY2h8MTh8fGJlZHxlbnwwfHwwfHw%3D&auto=format&fit=crop&w=500&q=60,"Wrong political world ball. Serious ahead memory support. Party material enjoy your.
Worry green interesting cost provide office. Probably film participant seem head. Society decision image.",2,6,1,2020-09-19 06:32:46.430894
4, clavier rigide, 클라비에 리지드,44.057346745941636,A4,https://images.unsplash.com/photo-1505693416388-ac5ce068fe85?ixlib=rb-4.0.3&ixid=MnwxMjA3fDB8MHxzZWFyY2h8M3x8YmVkfGVufDB8fDB8fA%3D%3D&auto=format&fit=crop&w=500&q=60,https://images.unsplash.com/photo-1552650272-b8a34e21bc4b?ixlib=rb-4.0.3&ixid=MnwxMjA3fDB8MHxzZWFyY2h8MTh8fGJlZHxlbnwwfHwwfHw%3D&auto=format&fit=crop&w=500&q=60,"Dinner add agreement teach. Thing might respond quality enough note.
Home trial writer study my. Available analysis green same technology.",2,4,1,2020-02-20 06:32:46.430894
5, dossier compliqué, 도시에 콤플리케,1.369473039168867,A5,https://images.unsplash.com/photo-1505693416388-ac5ce068fe85?ixlib=rb-4.0.3&ixid=MnwxMjA3fDB8MHxzZWFyY2h8M3x8YmVkfGVufDB8fDB8fA%3D%3D&auto=format&fit=crop&w=500&q=60,https://images.unsplash.com/photo-1552650272-b8a34e21bc4b?ixlib=rb-4.0.3&ixid=MnwxMjA3fDB8MHxzZWFyY2h8MTh8fGJlZHxlbnwwfHwwfHw%3D&auto=format&fit=crop&w=500&q=60,Feeling show kid run during. Defense best year song. Between foot upon support rule strategy buy.,0,1,1,2022-10-10 06:32:46.430894
6, votre langue, 보트거 렁그,76.33292782340419,A6,https://images.unsplash.com/photo-1505693416388-ac5ce068fe85?ixlib=rb-4.0.3&ixid=MnwxMjA3fDB8MHxzZWFyY2h8M3x8YmVkfGVufDB8fDB8fA%3D%3D&auto=format&fit=crop&w=500&q=60,https://images.unsplash.com/photo-1552650272-b8a34e21bc4b?ixlib=rb-4.0.3&ixid=MnwxMjA3fDB8MHxzZWFyY2h8MTh8fGJlZHxlbnwwfHwwfHw%3D&auto=format&fit=crop&w=500&q=60,"Finish learn process ask.
Interview would few bag will these. Necessary drug Congress newspaper large character personal. Forward peace audience cultural gun.",1,5,1,2020-03-18 06:32:46.430894
7, mon téléphone, 몽 텔레퐁,76.18398906177238,A7,https://images.unsplash.com/photo-1505693416388-ac5ce068fe85?ixlib=rb-4.0.3&ixid=MnwxMjA3fDB8MHxzZWFyY2h8M3x8YmVkfGVufDB8fDB8fA%3D%3D&auto=format&fit=crop&w=500&q=60,https://images.unsplash.com/photo-1552650272-b8a34e21bc4b?ixlib=rb-4.0.3&ixid=MnwxMjA3fDB8MHxzZWFyY2h8MTh8fGJlZHxlbnwwfHwwfHw%3D&auto=format&fit=crop&w=500&q=60,"Begin upon present now. Collection value other magazine data type. Onto response teach accept.
Oil firm success mind produce owner statement. Still over describe.",5,0,1,2022-08-12 06:32:46.430894
8, mon cœur, 몽 쿠어,55.933925916793235,A8,https://images.unsplash.com/photo-1505693416388-ac5ce068fe85?ixlib=rb-4.0.3&ixid=MnwxMjA3fDB8MHxzZWFyY2h8M3x8YmVkfGVufDB8fDB8fA%3D%3D&auto=format&fit=crop&w=500&q=60,https://images.unsplash.com/photo-1552650272-b8a34e21bc4b?ixlib=rb-4.0.3&ixid=MnwxMjA3fDB8MHxzZWFyY2h8MTh8fGJlZHxlbnwwfHwwfHw%3D&auto=format&fit=crop&w=500&q=60,Part top analysis term center. Character commercial prove today probably realize. Chance financial return process already nearly.,5,2,1,2022-06-28 06:32:46.430894
9, mari mignon, 마히 미뇽,81.42825714212127,A9,https://images.unsplash.com/photo-1505693416388-ac5ce068fe85?ixlib=rb-4.0.3&ixid=MnwxMjA3fDB8MHxzZWFyY2h8M3x8YmVkfGVufDB8fDB8fA%3D%3D&auto=format&fit=crop&w=500&q=60,https://images.unsplash.com/photo-1552650272-b8a34e21bc4b?ixlib=rb-4.0.3&ixid=MnwxMjA3fDB8MHxzZWFyY2h8MTh8fGJlZHxlbnwwfHwwfHw%3D&auto=format&fit=crop&w=500&q=60,Collection seat recently current unit citizen describe. Challenge during along expect personal character. Follow seven method better find western candidate.,3,1,1,2022-09-01 06:32:46.430894
10, j'ai couru, 제 쿠후,21.571746620172995,A10,https://images.unsplash.com/photo-1505693416388-ac5ce068fe85?ixlib=rb-4.0.3&ixid=MnwxMjA3fDB8MHxzZWFyY2h8M3x8YmVkfGVufDB8fDB8fA%3D%3D&auto=format&fit=crop&w=500&q=60,https://images.unsplash.com/photo-1552650272-b8a34e21bc4b?ixlib=rb-4.0.3&ixid=MnwxMjA3fDB8MHxzZWFyY2h8MTh8fGJlZHxlbnwwfHwwfHw%3D&auto=format&fit=crop&w=500&q=60,Data father accept top PM. Month someone yourself just responsibility PM.,5,2,1,2020-02-25 06:32:46.430894
11, crème glacée, 크헴 글라세,86.80289888857092,A11,https://images.unsplash.com/photo-1505693416388-ac5ce068fe85?ixlib=rb-4.0.3&ixid=MnwxMjA3fDB8MHxzZWFyY2h8M3x8YmVkfGVufDB8fDB8fA%3D%3D&auto=format&fit=crop&w=500&q=60,https://images.unsplash.com/photo-1552650272-b8a34e21bc4b?ixlib=rb-4.0.3&ixid=MnwxMjA3fDB8MHxzZWFyY2h8MTh8fGJlZHxlbnwwfHwwfHw%3D&auto=format&fit=crop&w=500&q=60,"Science dog throw against. Music people woman Mrs drive stand item. Relate could instead threat land yourself.
Bill list none.",1,8,1,2020-08-15 06:32:46.430894
12, latte vanille, 라트 바니,9.786979602256963,A12,https://images.unsplash.com/photo-1505693416388-ac5ce068fe85?ixlib=rb-4.0.3&ixid=MnwxMjA3fDB8MHxzZWFyY2h8M3x8YmVkfGVufDB8fDB8fA%3D%3D&auto=format&fit=crop&w=500&q=60,https://images.unsplash.com/photo-1552650272-b8a34e21bc4b?ixlib=rb-4.0.3&ixid=MnwxMjA3fDB8MHxzZWFyY2h8MTh8fGJlZHxlbnwwfHwwfHw%3D&auto=format&fit=crop&w=500&q=60,"Too affect bar star matter else. Beat benefit sign require medical chance fill.
Represent laugh clearly model example. Citizen yet agree hold music color white.",5,0,1,2020-02-22 06:32:46.430894
13, trois livres, 트와 리브흐,91.11447948858593,A13,https://images.unsplash.com/photo-1505693416388-ac5ce068fe85?ixlib=rb-4.0.3&ixid=MnwxMjA3fDB8MHxzZWFyY2h8M3x8YmVkfGVufDB8fDB8fA%3D%3D&auto=format&fit=crop&w=500&q=60,https://images.unsplash.com/photo-1552650272-b8a34e21bc4b?ixlib=rb-4.0.3&ixid=MnwxMjA3fDB8MHxzZWFyY2h8MTh8fGJlZHxlbnwwfHwwfHw%3D&auto=format&fit=crop&w=500&q=60,"Continue behind term deal clearly. Yourself cultural could organization.
Activity admit color tough father. Interesting high blood himself high above. Become soldier imagine budget.",3,1,1,2022-11-24 06:32:46.430894
14, mauvais yeux, 모베 여,60.81375209743521,A14,https://images.unsplash.com/photo-1505693416388-ac5ce068fe85?ixlib=rb-4.0.3&ixid=MnwxMjA3fDB8MHxzZWFyY2h8M3x8YmVkfGVufDB8fDB8fA%3D%3D&auto=format&fit=crop&w=500&q=60,https://images.unsplash.com/photo-1552650272-b8a34e21bc4b?ixlib=rb-4.0.3&ixid=MnwxMjA3fDB8MHxzZWFyY2h8MTh8fGJlZHxlbnwwfHwwfHw%3D&auto=format&fit=crop&w=500&q=60,"Personal allow despite them treatment.
Student somebody song term huge us happy. Able concern decision. Also office series what measure.",5,4,1,2022-09-03 06:32:46.430894
15, tableau blanc, 타블로 블랑,6.369538368076433,A15,https://images.unsplash.com/photo-1505693416388-ac5ce068fe85?ixlib=rb-4.0.3&ixid=MnwxMjA3fDB8MHxzZWFyY2h8M3x8YmVkfGVufDB8fDB8fA%3D%3D&auto=format&fit=crop&w=500&q=60,https://images.unsplash.com/photo-1552650272-b8a34e21bc4b?ixlib=rb-4.0.3&ixid=MnwxMjA3fDB8MHxzZWFyY2h8MTh8fGJlZHxlbnwwfHwwfHw%3D&auto=format&fit=crop&w=500&q=60,"Board level court. Write surface represent show develop race. Financial particular person computer fear up.
Dream serve feel prevent forget protect. You born foreign third behavior rather.",2,4,1,2021-08-22 06:32:46.430894
16, tasse de thé, 타스 더 떼,69.74634624946248,A16,https://images.unsplash.com/photo-1505693416388-ac5ce068fe85?ixlib=rb-4.0.3&ixid=MnwxMjA3fDB8MHxzZWFyY2h8M3x8YmVkfGVufDB8fDB8fA%3D%3D&auto=format&fit=crop&w=500&q=60,https://images.unsplash.com/photo-1552650272-b8a34e21bc4b?ixlib=rb-4.0.3&ixid=MnwxMjA3fDB8MHxzZWFyY2h8MTh8fGJlZHxlbnwwfHwwfHw%3D&auto=format&fit=crop&w=500&q=60,Vote event property morning again high south. West five it east sell.,5,4,1,2022-08-27 06:32:46.430894
17, doigts gelés, 도와 져레,68.21823080483074,A17,https://images.unsplash.com/photo-1505693416388-ac5ce068fe85?ixlib=rb-4.0.3&ixid=MnwxMjA3fDB8MHxzZWFyY2h8M3x8YmVkfGVufDB8fDB8fA%3D%3D&auto=format&fit=crop&w=500&q=60,https://images.unsplash.com/photo-1552650272-b8a34e21bc4b?ixlib=rb-4.0.3&ixid=MnwxMjA3fDB8MHxzZWFyY2h8MTh8fGJlZHxlbnwwfHwwfHw%3D&auto=format&fit=crop&w=500&q=60,"Friend minute police. Find south any.
Give want process happen large nature. Involve popular forget type carry role pull. Community accept among young very standard.",2,4,1,2022-10-06 06:32:46.430894
18, mon pantalon, 몽 판탈롱,41.50977096443135,A18,https://images.unsplash.com/photo-1505693416388-ac5ce068fe85?ixlib=rb-4.0.3&ixid=MnwxMjA3fDB8MHxzZWFyY2h8M3x8YmVkfGVufDB8fDB8fA%3D%3D&auto=format&fit=crop&w=500&q=60,https://images.unsplash.com/photo-1552650272-b8a34e21bc4b?ixlib=rb-4.0.3&ixid=MnwxMjA3fDB8MHxzZWFyY2h8MTh8fGJlZHxlbnwwfHwwfHw%3D&auto=format&fit=crop&w=500&q=60,"Region think call remain song focus others voice. Young any daughter impact rise husband rise.
Continue toward who standard course here. Federal under project few only without become.",3,9,1,2020-07-01 06:32:46.430894
19, Je te vois, 져 터 보아,56.526325862324846,A19,https://images.unsplash.com/photo-1505693416388-ac5ce068fe85?ixlib=rb-4.0.3&ixid=MnwxMjA3fDB8MHxzZWFyY2h8M3x8YmVkfGVufDB8fDB8fA%3D%3D&auto=format&fit=crop&w=500&q=60,https://images.unsplash.com/photo-1552650272-b8a34e21bc4b?ixlib=rb-4.0.3&ixid=MnwxMjA3fDB8MHxzZWFyY2h8MTh8fGJlZHxlbnwwfHwwfHw%3D&auto=format&fit=crop&w=500&q=60,Wind win in other mind box operation. Throw space would above human. Assume under many floor at. Cultural serve PM man industry.,5,0,1,2022-01-29 06:32:46.430894
20, montre chère, 몽트흐 쉐,98.71648112285969,A20,https://images.unsplash.com/photo-1505693416388-ac5ce068fe85?ixlib=rb-4.0.3&ixid=MnwxMjA3fDB8MHxzZWFyY2h8M3x8YmVkfGVufDB8fDB8fA%3D%3D&auto=format&fit=crop&w=500&q=60,https://images.unsplash.com/photo-1552650272-b8a34e21bc4b?ixlib=rb-4.0.3&ixid=MnwxMjA3fDB8MHxzZWFyY2h8MTh8fGJlZHxlbnwwfHwwfHw%3D&auto=format&fit=crop&w=500&q=60,"Likely difficult box.
Unit somebody Congress simple run role enjoy. Imagine imagine career responsibility.
Thank administration table cell. Television local enough.",0,7,1,2020-06-15 06:32:46.430894
21, écouteurs, 에쿠터,90.28218948708057,A21,https://images.unsplash.com/photo-1505693416388-ac5ce068fe85?ixlib=rb-4.0.3&ixid=MnwxMjA3fDB8MHxzZWFyY2h8M3x8YmVkfGVufDB8fDB8fA%3D%3D&auto=format&fit=crop&w=500&q=60,https://images.unsplash.com/photo-1552650272-b8a34e21bc4b?ixlib=rb-4.0.3&ixid=MnwxMjA3fDB8MHxzZWFyY2h8MTh8fGJlZHxlbnwwfHwwfHw%3D&auto=format&fit=crop&w=500&q=60,"Industry parent drop resource professor. Later player assume suggest design.
Dinner write range reveal. Build television sure ahead arm wonder.
History build guy middle deep.",5,1,1,2022-06-20 06:32:46.430894
22, jolie femme, 졸리 팜,13.073676084115304,A22,https://images.unsplash.com/photo-1505693416388-ac5ce068fe85?ixlib=rb-4.0.3&ixid=MnwxMjA3fDB8MHxzZWFyY2h8M3x8YmVkfGVufDB8fDB8fA%3D%3D&auto=format&fit=crop&w=500&q=60,https://images.unsplash.com/photo-1552650272-b8a34e21bc4b?ixlib=rb-4.0.3&ixid=MnwxMjA3fDB8MHxzZWFyY2h8MTh8fGJlZHxlbnwwfHwwfHw%3D&auto=format&fit=crop&w=500&q=60,"Determine plan claim team. Summer help type clearly indeed do practice. Local everyone week any information.
Most space statement fight some. Market stock price exist relationship page.",1,7,1,2020-08-21 06:32:46.430894
23, bel homme, 벨 옴,24.752680467612542,A23,https://images.unsplash.com/photo-1505693416388-ac5ce068fe85?ixlib=rb-4.0.3&ixid=MnwxMjA3fDB8MHxzZWFyY2h8M3x8YmVkfGVufDB8fDB8fA%3D%3D&auto=format&fit=crop&w=500&q=60,https://images.unsplash.com/photo-1552650272-b8a34e21bc4b?ixlib=rb-4.0.3&ixid=MnwxMjA3fDB8MHxzZWFyY2h8MTh8fGJlZHxlbnwwfHwwfHw%3D&auto=format&fit=crop&w=500&q=60,"Something buy half politics. Knowledge bar if station candidate sea.
Man head middle those. Age enter outside product range. Consumer rock wide senior suggest never factor.",5,3,1,2021-04-11 06:32:46.430894
24, écouter de la musique, 에쿠테 드 라 뮤직,64.75024526442665,A24,https://images.unsplash.com/photo-1505693416388-ac5ce068fe85?ixlib=rb-4.0.3&ixid=MnwxMjA3fDB8MHxzZWFyY2h8M3x8YmVkfGVufDB8fDB8fA%3D%3D&auto=format&fit=crop&w=500&q=60,https://images.unsplash.com/photo-1552650272-b8a34e21bc4b?ixlib=rb-4.0.3&ixid=MnwxMjA3fDB8MHxzZWFyY2h8MTh8fGJlZHxlbnwwfHwwfHw%3D&auto=format&fit=crop&w=500&q=60,Use because term partner. Education act science ability personal time.,3,9,1,2020-03-31 06:32:46.430894
25, nourriture dégoûtante, 누히튜 데구텅,16.89298939283239,A25,https://images.unsplash.com/photo-1505693416388-ac5ce068fe85?ixlib=rb-4.0.3&ixid=MnwxMjA3fDB8MHxzZWFyY2h8M3x8YmVkfGVufDB8fDB8fA%3D%3D&auto=format&fit=crop&w=500&q=60,https://images.unsplash.com/photo-1552650272-b8a34e21bc4b?ixlib=rb-4.0.3&ixid=MnwxMjA3fDB8MHxzZWFyY2h8MTh8fGJlZHxlbnwwfHwwfHw%3D&auto=format&fit=crop&w=500&q=60,"Physical officer thought kitchen. Consumer big artist them ready.
Travel maintain bank resource free safe. World anyone mention in few. Man represent civil response by.",4,2,1,2022-08-06 06:32:46.430894
26, sauter, 소테,92.52461023346213,B0,https://images.unsplash.com/photo-1499951360447-b19be8fe80f5?ixlib=rb-4.0.3&ixid=MnwxMjA3fDB8MHxzZWFyY2h8OHx8ZGVza3xlbnwwfHwwfHw%3D&auto=format&fit=crop&w=500&q=60,https://media.istockphoto.com/id/1354898581/photo/shot-of-a-young-businessman-using-a-laptop-in-a-modern-office.jpg?b=1&s=170667a&w=0&k=20&c=TH7fxRJwwlUKThNim9J9xYwH3j_Ih8m3WPTSew-Xaw4=,"Image part though debate.
Mean story mission power range themselves draw fast. Foot economic its ahead weight body try. Usually religious wrong join focus. Both different also husband.",2,7,2,2019-12-24 06:32:46.430894
27, tomber, 통베,46.01018125354606,B1,https://images.unsplash.com/photo-1499951360447-b19be8fe80f5?ixlib=rb-4.0.3&ixid=MnwxMjA3fDB8MHxzZWFyY2h8OHx8ZGVza3xlbnwwfHwwfHw%3D&auto=format&fit=crop&w=500&q=60,https://media.istockphoto.com/id/1354898581/photo/shot-of-a-young-businessman-using-a-laptop-in-a-modern-office.jpg?b=1&s=170667a&w=0&k=20&c=TH7fxRJwwlUKThNim9J9xYwH3j_Ih8m3WPTSew-Xaw4=,Feel may leader eye social baby. Enjoy view major material play phone.,1,1,2,2020-03-01 06:32:46.430894
28, salle de bain, 살 더 방,57.4491067215454,B2,https://images.unsplash.com/photo-1499951360447-b19be8fe80f5?ixlib=rb-4.0.3&ixid=MnwxMjA3fDB8MHxzZWFyY2h8OHx8ZGVza3xlbnwwfHwwfHw%3D&auto=format&fit=crop&w=500&q=60,https://media.istockphoto.com/id/1354898581/photo/shot-of-a-young-businessman-using-a-laptop-in-a-modern-office.jpg?b=1&s=170667a&w=0&k=20&c=TH7fxRJwwlUKThNim9J9xYwH3j_Ih8m3WPTSew-Xaw4=,"Ago west technology artist term reality amount. Page offer once since current compare. Likely rather send its western us big.
Morning know cut upon race major. Until break it method.",0,1,2,2022-06-05 06:32:46.430894
29, chef-d'œuvre, 쉐프 도브흐,99.16339091028944,B3,https://images.unsplash.com/photo-1499951360447-b19be8fe80f5?ixlib=rb-4.0.3&ixid=MnwxMjA3fDB8MHxzZWFyY2h8OHx8ZGVza3xlbnwwfHwwfHw%3D&auto=format&fit=crop&w=500&q=60,https://media.istockphoto.com/id/1354898581/photo/shot-of-a-young-businessman-using-a-laptop-in-a-modern-office.jpg?b=1&s=170667a&w=0&k=20&c=TH7fxRJwwlUKThNim9J9xYwH3j_Ih8m3WPTSew-Xaw4=,"Avoid record available fear start. Paper radio allow indicate. Short cover force staff floor soldier. Space explain space media.
Public detail role. Let else put property.",1,2,2,2022-06-20 06:32:46.430894
30, attend, 아텅,54.44472875963249,B4,https://images.unsplash.com/photo-1499951360447-b19be8fe80f5?ixlib=rb-4.0.3&ixid=MnwxMjA3fDB8MHxzZWFyY2h8OHx8ZGVza3xlbnwwfHwwfHw%3D&auto=format&fit=crop&w=500&q=60,https://media.istockphoto.com/id/1354898581/photo/shot-of-a-young-businessman-using-a-laptop-in-a-modern-office.jpg?b=1&s=170667a&w=0&k=20&c=TH7fxRJwwlUKThNim9J9xYwH3j_Ih8m3WPTSew-Xaw4=,Police risk owner method could. Want least news doctor. Draw or cultural protect.,3,2,2,2020-06-14 06:32:46.430894
31, verre, 베흐,56.462953818688476,B5,https://images.unsplash.com/photo-1499951360447-b19be8fe80f5?ixlib=rb-4.0.3&ixid=MnwxMjA3fDB8MHxzZWFyY2h8OHx8ZGVza3xlbnwwfHwwfHw%3D&auto=format&fit=crop&w=500&q=60,https://media.istockphoto.com/id/1354898581/photo/shot-of-a-young-businessman-using-a-laptop-in-a-modern-office.jpg?b=1&s=170667a&w=0&k=20&c=TH7fxRJwwlUKThNim9J9xYwH3j_Ih8m3WPTSew-Xaw4=,"Than design discussion example. Less Mrs couple. Reality test nothing down nothing sing weight.
Of though picture either bad every. Every light able avoid range cause also.",2,1,2,2020-10-10 06:32:46.430894
32, fête, 페트,80.59805027518809,B6,https://images.unsplash.com/photo-1499951360447-b19be8fe80f5?ixlib=rb-4.0.3&ixid=MnwxMjA3fDB8MHxzZWFyY2h8OHx8ZGVza3xlbnwwfHwwfHw%3D&auto=format&fit=crop&w=500&q=60,https://media.istockphoto.com/id/1354898581/photo/shot-of-a-young-businessman-using-a-laptop-in-a-modern-office.jpg?b=1&s=170667a&w=0&k=20&c=TH7fxRJwwlUKThNim9J9xYwH3j_Ih8m3WPTSew-Xaw4=,Very stage above begin decision. After song yeah image. Impact candidate world they person.,2,9,2,2020-01-24 06:32:46.430894
33, voulons, 부롱,2.270636129160908,B7,https://images.unsplash.com/photo-1499951360447-b19be8fe80f5?ixlib=rb-4.0.3&ixid=MnwxMjA3fDB8MHxzZWFyY2h8OHx8ZGVza3xlbnwwfHwwfHw%3D&auto=format&fit=crop&w=500&q=60,https://media.istockphoto.com/id/1354898581/photo/shot-of-a-young-businessman-using-a-laptop-in-a-modern-office.jpg?b=1&s=170667a&w=0&k=20&c=TH7fxRJwwlUKThNim9J9xYwH3j_Ih8m3WPTSew-Xaw4=,Body wide product only someone. Knowledge front early than pay onto play. Suffer population level drug hospital goal space.,4,0,2,2022-03-28 06:32:46.430894
34, bataille, 바타이,32.898846162199234,B8,https://images.unsplash.com/photo-1499951360447-b19be8fe80f5?ixlib=rb-4.0.3&ixid=MnwxMjA3fDB8MHxzZWFyY2h8OHx8ZGVza3xlbnwwfHwwfHw%3D&auto=format&fit=crop&w=500&q=60,https://media.istockphoto.com/id/1354898581/photo/shot-of-a-young-businessman-using-a-laptop-in-a-modern-office.jpg?b=1&s=170667a&w=0&k=20&c=TH7fxRJwwlUKThNim9J9xYwH3j_Ih8m3WPTSew-Xaw4=,"Read conference mention down water strong example. Ok them guy.
Prevent significant represent table box. Ability light not floor simply same.",1,5,2,2020-02-24 06:32:46.430894
35, chouchou, 슈슈,70.99007549075799,B9,https://images.unsplash.com/photo-1499951360447-b19be8fe80f5?ixlib=rb-4.0.3&ixid=MnwxMjA3fDB8MHxzZWFyY2h8OHx8ZGVza3xlbnwwfHwwfHw%3D&auto=format&fit=crop&w=500&q=60,https://media.istockphoto.com/id/1354898581/photo/shot-of-a-young-businessman-using-a-laptop-in-a-modern-office.jpg?b=1&s=170667a&w=0&k=20&c=TH7fxRJwwlUKThNim9J9xYwH3j_Ih8m3WPTSew-Xaw4=,Prepare difference forward plan. Fund church group happy big current. Compare thousand late author very.,4,4,2,2020-01-15 06:32:46.430894
36, décolleté, 데콜떼,59.995704045938545,B10,https://images.unsplash.com/photo-1499951360447-b19be8fe80f5?ixlib=rb-4.0.3&ixid=MnwxMjA3fDB8MHxzZWFyY2h8OHx8ZGVza3xlbnwwfHwwfHw%3D&auto=format&fit=crop&w=500&q=60,https://media.istockphoto.com/id/1354898581/photo/shot-of-a-young-businessman-using-a-laptop-in-a-modern-office.jpg?b=1&s=170667a&w=0&k=20&c=TH7fxRJwwlUKThNim9J9xYwH3j_Ih8m3WPTSew-Xaw4=,"Like country international add analysis. Challenge trial true strong son month far. Worker report easy this evidence environmental.
Here least he training particularly mention. Mr guy military house.",3,2,2,2022-01-05 06:32:46.430894
37, incroyable, 앙꼬아야블러,31.593089895161263,B11,https://images.unsplash.com/photo-1499951360447-b19be8fe80f5?ixlib=rb-4.0.3&ixid=MnwxMjA3fDB8MHxzZWFyY2h8OHx8ZGVza3xlbnwwfHwwfHw%3D&auto=format&fit=crop&w=500&q=60,https://media.istockphoto.com/id/1354898581/photo/shot-of-a-young-businessman-using-a-laptop-in-a-modern-office.jpg?b=1&s=170667a&w=0&k=20&c=TH7fxRJwwlUKThNim9J9xYwH3j_Ih8m3WPTSew-Xaw4=,"Put do official around make. Receive free carry hotel security.
Consider claim ready plan interview. Campaign dark spring morning.",4,6,2,2022-06-25 06:32:46.430894
38, Magnifique, 마니피끄,84.25856625746684,B12,https://images.unsplash.com/photo-1499951360447-b19be8fe80f5?ixlib=rb-4.0.3&ixid=MnwxMjA3fDB8MHxzZWFyY2h8OHx8ZGVza3xlbnwwfHwwfHw%3D&auto=format&fit=crop&w=500&q=60,https://media.istockphoto.com/id/1354898581/photo/shot-of-a-young-businessman-using-a-laptop-in-a-modern-office.jpg?b=1&s=170667a&w=0&k=20&c=TH7fxRJwwlUKThNim9J9xYwH3j_Ih8m3WPTSew-Xaw4=,Easy offer look center into. Class those minute still think own approach scene. Walk certain to property he boy star.,4,8,2,2021-08-22 06:32:46.430894
39, Mélange, 메렁쥬,51.82634598525521,B13,https://images.unsplash.com/photo-1499951360447-b19be8fe80f5?ixlib=rb-4.0.3&ixid=MnwxMjA3fDB8MHxzZWFyY2h8OHx8ZGVza3xlbnwwfHwwfHw%3D&auto=format&fit=crop&w=500&q=60,https://media.istockphoto.com/id/1354898581/photo/shot-of-a-young-businessman-using-a-laptop-in-a-modern-office.jpg?b=1&s=170667a&w=0&k=20&c=TH7fxRJwwlUKThNim9J9xYwH3j_Ih8m3WPTSew-Xaw4=,"Last door base particular edge drop.
Find tonight mother knowledge suggest pattern certainly. Until end wear partner develop. Expert town arrive executive project century.",2,5,2,2022-08-05 06:32:46.430894
40, Papillon, 빠삐용,42.0092486798076,B14,https://images.unsplash.com/photo-1499951360447-b19be8fe80f5?ixlib=rb-4.0.3&ixid=MnwxMjA3fDB8MHxzZWFyY2h8OHx8ZGVza3xlbnwwfHwwfHw%3D&auto=format&fit=crop&w=500&q=60,https://media.istockphoto.com/id/1354898581/photo/shot-of-a-young-businessman-using-a-laptop-in-a-modern-office.jpg?b=1&s=170667a&w=0&k=20&c=TH7fxRJwwlUKThNim9J9xYwH3j_Ih8m3WPTSew-Xaw4=,"Across police last choice not. Successful task science face century long teacher.
Success create very challenge. Another anything game stuff pass to. Then talk audience remember mind person.",5,9,2,2022-04-04 06:32:46.430894
41, Parapluie, 빠하쁠루이,58.26143392916525,B15,https://images.unsplash.com/photo-1499951360447-b19be8fe80f5?ixlib=rb-4.0.3&ixid=MnwxMjA3fDB8MHxzZWFyY2h8OHx8ZGVza3xlbnwwfHwwfHw%3D&auto=format&fit=crop&w=500&q=60,https://media.istockphoto.com/id/1354898581/photo/shot-of-a-young-businessman-using-a-laptop-in-a-modern-office.jpg?b=1&s=170667a&w=0&k=20&c=TH7fxRJwwlUKThNim9J9xYwH3j_Ih8m3WPTSew-Xaw4=,Remember common people allow too. Hear leg senior you. Loss while job look stock feel.,1,2,2,2020-08-03 06:32:46.430894
42, Silhouette, 씰류엣,91.29373367468577,B16,https://images.unsplash.com/photo-1499951360447-b19be8fe80f5?ixlib=rb-4.0.3&ixid=MnwxMjA3fDB8MHxzZWFyY2h8OHx8ZGVza3xlbnwwfHwwfHw%3D&auto=format&fit=crop&w=500&q=60,https://media.istockphoto.com/id/1354898581/photo/shot-of-a-young-businessman-using-a-laptop-in-a-modern-office.jpg?b=1&s=170667a&w=0&k=20&c=TH7fxRJwwlUKThNim9J9xYwH3j_Ih8m3WPTSew-Xaw4=,Something drive safe local risk opportunity happy. Try option affect continue. Report agent skin kitchen sea.,3,1,2,2020-11-29 06:32:46.430894
43, Douceur, 두써,34.118554354286445,B17,https://images.unsplash.com/photo-1499951360447-b19be8fe80f5?ixlib=rb-4.0.3&ixid=MnwxMjA3fDB8MHxzZWFyY2h8OHx8ZGVza3xlbnwwfHwwfHw%3D&auto=format&fit=crop&w=500&q=60,https://media.istockphoto.com/id/1354898581/photo/shot-of-a-young-businessman-using-a-laptop-in-a-modern-office.jpg?b=1&s=170667a&w=0&k=20&c=TH7fxRJwwlUKThNim9J9xYwH3j_Ih8m3WPTSew-Xaw4=,"Power politics none party girl billion use. Scene occur scene have. Book story thousand she become.
Serve exist tell hundred probably.
Point office rate.
Son structure walk.",3,8,2,2022-11-25 06:32:46.430894
44, le journal, 르 쥬날,1.8740880618358546,B18,https://images.unsplash.com/photo-1499951360447-b19be8fe80f5?ixlib=rb-4.0.3&ixid=MnwxMjA3fDB8MHxzZWFyY2h8OHx8ZGVza3xlbnwwfHwwfHw%3D&auto=format&fit=crop&w=500&q=60,https://media.istockphoto.com/id/1354898581/photo/shot-of-a-young-businessman-using-a-laptop-in-a-modern-office.jpg?b=1&s=170667a&w=0&k=20&c=TH7fxRJwwlUKThNim9J9xYwH3j_Ih8m3WPTSew-Xaw4=,"Husband short close another board radio. Pay occur professor middle big. Strategy less miss.
Production approach network list. Mother usually half worker. Too ask fact.",1,7,2,2022-04-27 06:32:46.430894
45, Feuilleter, 프여테,45.02203841587821,B19,https://images.unsplash.com/photo-1499951360447-b19be8fe80f5?ixlib=rb-4.0.3&ixid=MnwxMjA3fDB8MHxzZWFyY2h8OHx8ZGVza3xlbnwwfHwwfHw%3D&auto=format&fit=crop&w=500&q=60,https://media.istockphoto.com/id/1354898581/photo/shot-of-a-young-businessman-using-a-laptop-in-a-modern-office.jpg?b=1&s=170667a&w=0&k=20&c=TH7fxRJwwlUKThNim9J9xYwH3j_Ih8m3WPTSew-Xaw4=,Author beat recent opportunity forget. Agree less teach really. Moment development father clear.,4,9,2,2022-08-24 06:32:46.430894
46, Onirique, 오니히크,67.46469878176045,B20,https://images.unsplash.com/photo-1499951360447-b19be8fe80f5?ixlib=rb-4.0.3&ixid=MnwxMjA3fDB8MHxzZWFyY2h8OHx8ZGVza3xlbnwwfHwwfHw%3D&auto=format&fit=crop&w=500&q=60,https://media.istockphoto.com/id/1354898581/photo/shot-of-a-young-businessman-using-a-laptop-in-a-modern-office.jpg?b=1&s=170667a&w=0&k=20&c=TH7fxRJwwlUKThNim9J9xYwH3j_Ih8m3WPTSew-Xaw4=,"Represent fire across provide exactly sometimes. School imagine course expert each.
Particular reality tree idea fish long mouth. Radio huge art record situation really past. Later by far note.",2,4,2,2022-03-15 06:32:46.430894
47, Flâner, 프라네,23.564907334180894,B21,https://images.unsplash.com/photo-1499951360447-b19be8fe80f5?ixlib=rb-4.0.3&ixid=MnwxMjA3fDB8MHxzZWFyY2h8OHx8ZGVza3xlbnwwfHwwfHw%3D&auto=format&fit=crop&w=500&q=60,https://media.istockphoto.com/id/1354898581/photo/shot-of-a-young-businessman-using-a-laptop-in-a-modern-office.jpg?b=1&s=170667a&w=0&k=20&c=TH7fxRJwwlUKThNim9J9xYwH3j_Ih8m3WPTSew-Xaw4=,"Character exist medical floor hundred ten suddenly score. School among another none live will number.
Development quite water its government why early clear. Oil check wide around.",0,2,2,2020-03-31 06:32:46.430894
48, Chuchoter, 슈쇼테,11.11728547664953,B22,https://images.unsplash.com/photo-1499951360447-b19be8fe80f5?ixlib=rb-4.0.3&ixid=MnwxMjA3fDB8MHxzZWFyY2h8OHx8ZGVza3xlbnwwfHwwfHw%3D&auto=format&fit=crop&w=500&q=60,https://media.istockphoto.com/id/1354898581/photo/shot-of-a-young-businessman-using-a-laptop-in-a-modern-office.jpg?b=1&s=170667a&w=0&k=20&c=TH7fxRJwwlUKThNim9J9xYwH3j_Ih8m3WPTSew-Xaw4=,Step pull parent cause real shoulder. Approach meeting present firm. Share mention here ask coach community set.,5,1,2,2020-01-31 06:32:46.430894
49, rêvasser, 헤바세,79.8426197067139,B23,https://images.unsplash.com/photo-1499951360447-b19be8fe80f5?ixlib=rb-4.0.3&ixid=MnwxMjA3fDB8MHxzZWFyY2h8OHx8ZGVza3xlbnwwfHwwfHw%3D&auto=format&fit=crop&w=500&q=60,https://media.istockphoto.com/id/1354898581/photo/shot-of-a-young-businessman-using-a-laptop-in-a-modern-office.jpg?b=1&s=170667a&w=0&k=20&c=TH7fxRJwwlUKThNim9J9xYwH3j_Ih8m3WPTSew-Xaw4=,"Owner capital mind nation ever certain.
Will three community low. Recently in study least scene stuff. Contain as very wall majority yeah.
Fight certain I wife new lawyer staff. Beat give task less.",2,1,2,2022-10-11 06:32:46.430894
50, éphémère, 에페메,88.88363632805057,B24,https://images.unsplash.com/photo-1499951360447-b19be8fe80f5?ixlib=rb-4.0.3&ixid=MnwxMjA3fDB8MHxzZWFyY2h8OHx8ZGVza3xlbnwwfHwwfHw%3D&auto=format&fit=crop&w=500&q=60,https://media.istockphoto.com/id/1354898581/photo/shot-of-a-young-businessman-using-a-laptop-in-a-modern-office.jpg?b=1&s=170667a&w=0&k=20&c=TH7fxRJwwlUKThNim9J9xYwH3j_Ih8m3WPTSew-Xaw4=,"Treat factor buy run. Large happy page expert administration child.
Purpose style tree conference decision fast. Number partner production network level executive.",3,2,2,2020-09-08 06:32:46.430894
51, Émerveiller, 에메흐베예,14.04065275650187,B25,https://images.unsplash.com/photo-1499951360447-b19be8fe80f5?ixlib=rb-4.0.3&ixid=MnwxMjA3fDB8MHxzZWFyY2h8OHx8ZGVza3xlbnwwfHwwfHw%3D&auto=format&fit=crop&w=500&q=60,https://media.istockphoto.com/id/1354898581/photo/shot-of-a-young-businessman-using-a-laptop-in-a-modern-office.jpg?b=1&s=170667a&w=0&k=20&c=TH7fxRJwwlUKThNim9J9xYwH3j_Ih8m3WPTSew-Xaw4=,"Management message machine two rest day.
Red commercial public like five case job. Read something personal.",2,3,2,2020-11-19 06:32:46.430894
52, retrouvailles, 흐트후바이,75.85742937019918,C0,https://images.unsplash.com/photo-1600585152220-90363fe7e115?ixlib=rb-4.0.3&ixid=MnwxMjA3fDB8MHxzZWFyY2h8NHx8a2l0Y2hlbnxlbnwwfHwwfHw%3D&auto=format&fit=crop&w=500&q=60,https://images.unsplash.com/photo-1657299171251-2a61ea716fbf?ixlib=rb-4.0.3&ixid=MnwxMjA3fDF8MHxzZWFyY2h8MTV8fGtpdGNoZW58ZW58MHx8MHx8&auto=format&fit=crop&w=500&q=60,"Eight drug various many bit animal writer. Special seek read level scene then language throw.
Movement west beautiful. Take avoid pay peace car.",5,6,3,2021-04-03 06:32:46.430894
53, éblouir, 에브루히,40.236057674108196,C1,https://images.unsplash.com/photo-1600585152220-90363fe7e115?ixlib=rb-4.0.3&ixid=MnwxMjA3fDB8MHxzZWFyY2h8NHx8a2l0Y2hlbnxlbnwwfHwwfHw%3D&auto=format&fit=crop&w=500&q=60,https://images.unsplash.com/photo-1657299171251-2a61ea716fbf?ixlib=rb-4.0.3&ixid=MnwxMjA3fDF8MHxzZWFyY2h8MTV8fGtpdGNoZW58ZW58MHx8MHx8&auto=format&fit=crop&w=500&q=60,Attorney material past lawyer. Military after there attorney notice pay.,5,5,3,2022-04-29 06:32:46.430894
54, Chéri, 쉐히,1.7098273844380452,C2,https://images.unsplash.com/photo-1600585152220-90363fe7e115?ixlib=rb-4.0.3&ixid=MnwxMjA3fDB8MHxzZWFyY2h8NHx8a2l0Y2hlbnxlbnwwfHwwfHw%3D&auto=format&fit=crop&w=500&q=60,https://images.unsplash.com/photo-1657299171251-2a61ea716fbf?ixlib=rb-4.0.3&ixid=MnwxMjA3fDF8MHxzZWFyY2h8MTV8fGtpdGNoZW58ZW58MHx8MHx8&auto=format&fit=crop&w=500&q=60,"Any culture choice experience. Executive agreement table style road yeah.
Idea west down. Station middle walk chance entire Mrs age.",4,2,3,2020-01-21 06:32:46.430894
55, Plein de vie, 프랑 더 비,40.33384640748668,C3,https://images.unsplash.com/photo-1600585152220-90363fe7e115?ixlib=rb-4.0.3&ixid=MnwxMjA3fDB8MHxzZWFyY2h8NHx8a2l0Y2hlbnxlbnwwfHwwfHw%3D&auto=format&fit=crop&w=500&q=60,https://images.unsplash.com/photo-1657299171251-2a61ea716fbf?ixlib=rb-4.0.3&ixid=MnwxMjA3fDF8MHxzZWFyY2h8MTV8fGtpdGNoZW58ZW58MHx8MHx8&auto=format&fit=crop&w=500&q=60,Name partner capital its recognize. Ability anything American create agency three draw director. Soldier poor guy social listen find clear. Month real Democrat.,5,6,3,2020-12-06 06:32:46.430894
56, Casse-cou, 까스 쿠,21.333198985610657,C4,https://images.unsplash.com/photo-1600585152220-90363fe7e115?ixlib=rb-4.0.3&ixid=MnwxMjA3fDB8MHxzZWFyY2h8NHx8a2l0Y2hlbnxlbnwwfHwwfHw%3D&auto=format&fit=crop&w=500&q=60,https://images.unsplash.com/photo-1657299171251-2a61ea716fbf?ixlib=rb-4.0.3&ixid=MnwxMjA3fDF8MHxzZWFyY2h8MTV8fGtpdGNoZW58ZW58MHx8MHx8&auto=format&fit=crop&w=500&q=60,"Reduce and coach have over including night seven.
Hard draw cover edge weight mouth. At interesting experience stand center. Increase writer section page nice.",2,7,3,2020-04-04 06:32:46.430894
57, Nouveau départ, 누보 데파흐,91.6260737623591,C5,https://images.unsplash.com/photo-1600585152220-90363fe7e115?ixlib=rb-4.0.3&ixid=MnwxMjA3fDB8MHxzZWFyY2h8NHx8a2l0Y2hlbnxlbnwwfHwwfHw%3D&auto=format&fit=crop&w=500&q=60,https://images.unsplash.com/photo-1657299171251-2a61ea716fbf?ixlib=rb-4.0.3&ixid=MnwxMjA3fDF8MHxzZWFyY2h8MTV8fGtpdGNoZW58ZW58MHx8MHx8&auto=format&fit=crop&w=500&q=60,"General tree herself true next show positive ok. Marriage foot happy.
Purpose speak community. Receive letter ever painting.",5,6,3,2022-03-01 06:32:46.430894
58, étonnante, 에터넝트,29.087942984144366,C6,https://images.unsplash.com/photo-1600585152220-90363fe7e115?ixlib=rb-4.0.3&ixid=MnwxMjA3fDB8MHxzZWFyY2h8NHx8a2l0Y2hlbnxlbnwwfHwwfHw%3D&auto=format&fit=crop&w=500&q=60,https://images.unsplash.com/photo-1657299171251-2a61ea716fbf?ixlib=rb-4.0.3&ixid=MnwxMjA3fDF8MHxzZWFyY2h8MTV8fGtpdGNoZW58ZW58MHx8MHx8&auto=format&fit=crop&w=500&q=60,"Kid research test father me require late. Source thousand figure stay fall town production.
Ask trial baby throughout. Determine past prevent want. Behavior any as have simple must door man.",1,8,3,2020-10-30 06:32:46.430894
59, charmante, 샤흐멍트,13.22889267446914,C7,https://images.unsplash.com/photo-1600585152220-90363fe7e115?ixlib=rb-4.0.3&ixid=MnwxMjA3fDB8MHxzZWFyY2h8NHx8a2l0Y2hlbnxlbnwwfHwwfHw%3D&auto=format&fit=crop&w=500&q=60,https://images.unsplash.com/photo-1657299171251-2a61ea716fbf?ixlib=rb-4.0.3&ixid=MnwxMjA3fDF8MHxzZWFyY2h8MTV8fGtpdGNoZW58ZW58MHx8MHx8&auto=format&fit=crop&w=500&q=60,"Reason region himself next age move contain. Listen both beyond side action across. Special industry quality not factor. Gun nation truth tough deal professor.
Thing take up performance.",1,7,3,2021-02-28 06:32:46.430894
60, attrayant, 아트흐영,50.54055708108246,C8,https://images.unsplash.com/photo-1600585152220-90363fe7e115?ixlib=rb-4.0.3&ixid=MnwxMjA3fDB8MHxzZWFyY2h8NHx8a2l0Y2hlbnxlbnwwfHwwfHw%3D&auto=format&fit=crop&w=500&q=60,https://images.unsplash.com/photo-1657299171251-2a61ea716fbf?ixlib=rb-4.0.3&ixid=MnwxMjA3fDF8MHxzZWFyY2h8MTV8fGtpdGNoZW58ZW58MHx8MHx8&auto=format&fit=crop&w=500&q=60,Enough thousand education Mrs available act our. Ask trial enter century hospital traditional.,5,1,3,2021-01-20 06:32:46.430894
61, éblouissante, 에블루이썽트,28.820072531758456,C9,https://images.unsplash.com/photo-1600585152220-90363fe7e115?ixlib=rb-4.0.3&ixid=MnwxMjA3fDB8MHxzZWFyY2h8NHx8a2l0Y2hlbnxlbnwwfHwwfHw%3D&auto=format&fit=crop&w=500&q=60,https://images.unsplash.com/photo-1657299171251-2a61ea716fbf?ixlib=rb-4.0.3&ixid=MnwxMjA3fDF8MHxzZWFyY2h8MTV8fGtpdGNoZW58ZW58MHx8MHx8&auto=format&fit=crop&w=500&q=60,"Big lead job skin smile focus plant.
Military rest Mrs. Local help star.
Hold law bill by. Catch away body. Back follow even resource girl reduce.",0,6,3,2021-08-26 06:32:46.430894
62, amour, 아무흐,16.50502573784808,C10,https://images.unsplash.com/photo-1600585152220-90363fe7e115?ixlib=rb-4.0.3&ixid=MnwxMjA3fDB8MHxzZWFyY2h8NHx8a2l0Y2hlbnxlbnwwfHwwfHw%3D&auto=format&fit=crop&w=500&q=60,https://images.unsplash.com/photo-1657299171251-2a61ea716fbf?ixlib=rb-4.0.3&ixid=MnwxMjA3fDF8MHxzZWFyY2h8MTV8fGtpdGNoZW58ZW58MHx8MHx8&auto=format&fit=crop&w=500&q=60,"Wear happy must probably. Economic control onto adult another. State consumer tax walk increase.
So order worker down quite society. Able suddenly top hair.",2,2,3,2021-08-15 06:32:46.430894
63, amoureuse, 아무흐스,80.54678911921627,C11,https://images.unsplash.com/photo-1600585152220-90363fe7e115?ixlib=rb-4.0.3&ixid=MnwxMjA3fDB8MHxzZWFyY2h8NHx8a2l0Y2hlbnxlbnwwfHwwfHw%3D&auto=format&fit=crop&w=500&q=60,https://images.unsplash.com/photo-1657299171251-2a61ea716fbf?ixlib=rb-4.0.3&ixid=MnwxMjA3fDF8MHxzZWFyY2h8MTV8fGtpdGNoZW58ZW58MHx8MHx8&auto=format&fit=crop&w=500&q=60,"Later entire market. Drop least building really concern finish. Fear seem interesting friend college fund know series.
Relate any say myself policy. Test resource take bar.",4,6,3,2021-09-16 06:32:46.430894
64, embrasser, 엠브하쎄,32.63851501575363,C12,https://images.unsplash.com/photo-1600585152220-90363fe7e115?ixlib=rb-4.0.3&ixid=MnwxMjA3fDB8MHxzZWFyY2h8NHx8a2l0Y2hlbnxlbnwwfHwwfHw%3D&auto=format&fit=crop&w=500&q=60,https://images.unsplash.com/photo-1657299171251-2a61ea716fbf?ixlib=rb-4.0.3&ixid=MnwxMjA3fDF8MHxzZWFyY2h8MTV8fGtpdGNoZW58ZW58MHx8MHx8&auto=format&fit=crop&w=500&q=60,"Surface travel mission maintain item. Large space herself single challenge though. Deep exist recently.
Painting strong even. Set weight support step.",0,3,3,2021-05-30 06:32:46.430894
65, tendresse, 텅드헤쓰,28.42700258832569,C13,https://images.unsplash.com/photo-1600585152220-90363fe7e115?ixlib=rb-4.0.3&ixid=MnwxMjA3fDB8MHxzZWFyY2h8NHx8a2l0Y2hlbnxlbnwwfHwwfHw%3D&auto=format&fit=crop&w=500&q=60,https://images.unsplash.com/photo-1657299171251-2a61ea716fbf?ixlib=rb-4.0.3&ixid=MnwxMjA3fDF8MHxzZWFyY2h8MTV8fGtpdGNoZW58ZW58MHx8MHx8&auto=format&fit=crop&w=500&q=60,Minute cold very every draw. Five white behind billion age into office scene. If language market floor.,5,7,3,2022-01-01 06:32:46.430894
66, trésor, 트헤서,10.04983771821748,C14,https://images.unsplash.com/photo-1600585152220-90363fe7e115?ixlib=rb-4.0.3&ixid=MnwxMjA3fDB8MHxzZWFyY2h8NHx8a2l0Y2hlbnxlbnwwfHwwfHw%3D&auto=format&fit=crop&w=500&q=60,https://images.unsplash.com/photo-1657299171251-2a61ea716fbf?ixlib=rb-4.0.3&ixid=MnwxMjA3fDF8MHxzZWFyY2h8MTV8fGtpdGNoZW58ZW58MHx8MHx8&auto=format&fit=crop&w=500&q=60,"Face product idea late. Decade story modern job.
Relate brother traditional. Environmental itself thus place baby travel. Boy choose near degree appear.",5,6,3,2021-04-19 06:32:46.430894
67, arabesque, 아하베스크,48.36700354543364,C15,https://images.unsplash.com/photo-1600585152220-90363fe7e115?ixlib=rb-4.0.3&ixid=MnwxMjA3fDB8MHxzZWFyY2h8NHx8a2l0Y2hlbnxlbnwwfHwwfHw%3D&auto=format&fit=crop&w=500&q=60,https://images.unsplash.com/photo-1657299171251-2a61ea716fbf?ixlib=rb-4.0.3&ixid=MnwxMjA3fDF8MHxzZWFyY2h8MTV8fGtpdGNoZW58ZW58MHx8MHx8&auto=format&fit=crop&w=500&q=60,May wide vote wind science item. Buy front prevent run collection citizen.,4,10,3,2022-01-09 06:32:46.430894
68, argenté, 아흐졍테,88.17084756744266,C16,https://images.unsplash.com/photo-1600585152220-90363fe7e115?ixlib=rb-4.0.3&ixid=MnwxMjA3fDB8MHxzZWFyY2h8NHx8a2l0Y2hlbnxlbnwwfHwwfHw%3D&auto=format&fit=crop&w=500&q=60,https://images.unsplash.com/photo-1657299171251-2a61ea716fbf?ixlib=rb-4.0.3&ixid=MnwxMjA3fDF8MHxzZWFyY2h8MTV8fGtpdGNoZW58ZW58MHx8MHx8&auto=format&fit=crop&w=500&q=60,Wall military himself population. What value woman street. Account method hand child control perform project.,3,9,3,2021-04-22 06:32:46.430894
69, aubergine, 오베흐진,85.8777524897742,C17,https://images.unsplash.com/photo-1600585152220-90363fe7e115?ixlib=rb-4.0.3&ixid=MnwxMjA3fDB8MHxzZWFyY2h8NHx8a2l0Y2hlbnxlbnwwfHwwfHw%3D&auto=format&fit=crop&w=500&q=60,https://images.unsplash.com/photo-1657299171251-2a61ea716fbf?ixlib=rb-4.0.3&ixid=MnwxMjA3fDF8MHxzZWFyY2h8MTV8fGtpdGNoZW58ZW58MHx8MHx8&auto=format&fit=crop&w=500&q=60,Chance power relationship lay. Treatment fire water total. Meeting store general remain admit describe.,0,2,3,2021-05-07 06:32:46.430894
70, bijou, 비쥬,45.413973119141545,C18,https://images.unsplash.com/photo-1600585152220-90363fe7e115?ixlib=rb-4.0.3&ixid=MnwxMjA3fDB8MHxzZWFyY2h8NHx8a2l0Y2hlbnxlbnwwfHwwfHw%3D&auto=format&fit=crop&w=500&q=60,https://images.unsplash.com/photo-1657299171251-2a61ea716fbf?ixlib=rb-4.0.3&ixid=MnwxMjA3fDF8MHxzZWFyY2h8MTV8fGtpdGNoZW58ZW58MHx8MHx8&auto=format&fit=crop&w=500&q=60,"Ready generation gas. Huge form report.
Man degree cause that growth game. Improve maintain land man throughout. Finally us happy tonight.",3,6,3,2020-05-11 06:32:46.430894
71, chapeau, 샤뽀,82.03680517229273,C19,https://images.unsplash.com/photo-1600585152220-90363fe7e115?ixlib=rb-4.0.3&ixid=MnwxMjA3fDB8MHxzZWFyY2h8NHx8a2l0Y2hlbnxlbnwwfHwwfHw%3D&auto=format&fit=crop&w=500&q=60,https://images.unsplash.com/photo-1657299171251-2a61ea716fbf?ixlib=rb-4.0.3&ixid=MnwxMjA3fDF8MHxzZWFyY2h8MTV8fGtpdGNoZW58ZW58MHx8MHx8&auto=format&fit=crop&w=500&q=60,"Stop set affect individual. Black begin help use section east girl. Popular treat here.
Event wrong turn purpose financial south need. Happy education listen when certain.",2,7,3,2021-03-19 06:32:46.430894
72, chemisier, 쉐미시에,85.58026281109842,C20,https://images.unsplash.com/photo-1600585152220-90363fe7e115?ixlib=rb-4.0.3&ixid=MnwxMjA3fDB8MHxzZWFyY2h8NHx8a2l0Y2hlbnxlbnwwfHwwfHw%3D&auto=format&fit=crop&w=500&q=60,https://images.unsplash.com/photo-1657299171251-2a61ea716fbf?ixlib=rb-4.0.3&ixid=MnwxMjA3fDF8MHxzZWFyY2h8MTV8fGtpdGNoZW58ZW58MHx8MHx8&auto=format&fit=crop&w=500&q=60,Participant identify present dream trial doctor help central. Avoid strategy Republican worker sing special.,5,9,3,2021-03-21 06:32:46.430894
73, foncé, 퐁쎄,33.21799746770563,C21,https://images.unsplash.com/photo-1600585152220-90363fe7e115?ixlib=rb-4.0.3&ixid=MnwxMjA3fDB8MHxzZWFyY2h8NHx8a2l0Y2hlbnxlbnwwfHwwfHw%3D&auto=format&fit=crop&w=500&q=60,https://images.unsplash.com/photo-1657299171251-2a61ea716fbf?ixlib=rb-4.0.3&ixid=MnwxMjA3fDF8MHxzZWFyY2h8MTV8fGtpdGNoZW58ZW58MHx8MHx8&auto=format&fit=crop&w=500&q=60,"Evidence want her page think. Report bill feeling.
Population professional health soon despite explain. Rock discover prevent address apply response. Themselves between much at cup.",4,2,3,2022-11-23 06:32:46.430894
74, marinière, 마히니에,51.58429918614694,C22,https://images.unsplash.com/photo-1600585152220-90363fe7e115?ixlib=rb-4.0.3&ixid=MnwxMjA3fDB8MHxzZWFyY2h8NHx8a2l0Y2hlbnxlbnwwfHwwfHw%3D&auto=format&fit=crop&w=500&q=60,https://images.unsplash.com/photo-1657299171251-2a61ea716fbf?ixlib=rb-4.0.3&ixid=MnwxMjA3fDF8MHxzZWFyY2h8MTV8fGtpdGNoZW58ZW58MHx8MHx8&auto=format&fit=crop&w=500&q=60,Example local assume change hit bring. Light have design lot various lawyer scene. Rock return sport word.,0,3,3,2020-12-26 06:32:46.430894
75, moyenne, 모아옌,14.732401678789952,C23,https://images.unsplash.com/photo-1600585152220-90363fe7e115?ixlib=rb-4.0.3&ixid=MnwxMjA3fDB8MHxzZWFyY2h8NHx8a2l0Y2hlbnxlbnwwfHwwfHw%3D&auto=format&fit=crop&w=500&q=60,https://images.unsplash.com/photo-1657299171251-2a61ea716fbf?ixlib=rb-4.0.3&ixid=MnwxMjA3fDF8MHxzZWFyY2h8MTV8fGtpdGNoZW58ZW58MHx8MHx8&auto=format&fit=crop&w=500&q=60,"Hair physical stand until same. Consumer training around three. Event face law government camera light.
Cover foot mother heavy later usually. Although generation future loss your tough case.",2,7,3,2021-08-08 06:32:46.430894
76, alunissage, 아루니싸지,7.770810499681213,C24,https://images.unsplash.com/photo-1600585152220-90363fe7e115?ixlib=rb-4.0.3&ixid=MnwxMjA3fDB8MHxzZWFyY2h8NHx8a2l0Y2hlbnxlbnwwfHwwfHw%3D&auto=format&fit=crop&w=500&q=60,https://images.unsplash.com/photo-1657299171251-2a61ea716fbf?ixlib=rb-4.0.3&ixid=MnwxMjA3fDF8MHxzZWFyY2h8MTV8fGtpdGNoZW58ZW58MHx8MHx8&auto=format&fit=crop&w=500&q=60,"Hair support usually reality. Be particularly else none east.
However over nature task. This agreement lot opportunity entire organization.
Decade course life western kind option. Perform risk see.",5,4,3,2022-02-10 06:32:46.430894
77, bienvenue, 비앙브뉴,5.77471780254557,C25,https://images.unsplash.com/photo-1600585152220-90363fe7e115?ixlib=rb-4.0.3&ixid=MnwxMjA3fDB8MHxzZWFyY2h8NHx8a2l0Y2hlbnxlbnwwfHwwfHw%3D&auto=format&fit=crop&w=500&q=60,https://images.unsplash.com/photo-1657299171251-2a61ea716fbf?ixlib=rb-4.0.3&ixid=MnwxMjA3fDF8MHxzZWFyY2h8MTV8fGtpdGNoZW58ZW58MHx8MHx8&auto=format&fit=crop&w=500&q=60,"I discover either alone. Safe beyond message author.
Take east identify choice oil ground or. House dinner course identify year support according. Exactly million series table.",0,6,3,2020-05-27 06:32:46.430894
78, chatoyer, 샤토아예,51.76994255559622,D0,https://images.unsplash.com/photo-1617132926435-b05d1251553c?ixlib=rb-4.0.3&ixid=MnwxMjA3fDB8MHxzZWFyY2h8OXx8ZHJhd2VyfGVufDB8fDB8fA%3D%3D&auto=format&fit=crop&w=500&q=60,https://plus.unsplash.com/premium_photo-1661632845952-7adc4e486574?ixlib=rb-4.0.3&ixid=MnwxMjA3fDB8MHxzZWFyY2h8MTl8fGRyYXdlcnxlbnwwfHwwfHw%3D&auto=format&fit=crop&w=500&q=60,"Every improve shoulder child notice both discussion event. Beat conference work.
End forward amount blood sometimes stock. Page gun sign bank.",1,1,4,2022-06-18 06:32:46.430894
79, espérer, 에스페헤,68.19977114687794,D1,https://images.unsplash.com/photo-1617132926435-b05d1251553c?ixlib=rb-4.0.3&ixid=MnwxMjA3fDB8MHxzZWFyY2h8OXx8ZHJhd2VyfGVufDB8fDB8fA%3D%3D&auto=format&fit=crop&w=500&q=60,https://plus.unsplash.com/premium_photo-1661632845952-7adc4e486574?ixlib=rb-4.0.3&ixid=MnwxMjA3fDB8MHxzZWFyY2h8MTl8fGRyYXdlcnxlbnwwfHwwfHw%3D&auto=format&fit=crop&w=500&q=60,"All administration magazine speak.
Walk hospital meet level leg thing. Political evidence affect system race than.",0,2,4,2022-08-13 06:32:46.430894
80, esprit, 에스프히,44.82840500996842,D2,https://images.unsplash.com/photo-1617132926435-b05d1251553c?ixlib=rb-4.0.3&ixid=MnwxMjA3fDB8MHxzZWFyY2h8OXx8ZHJhd2VyfGVufDB8fDB8fA%3D%3D&auto=format&fit=crop&w=500&q=60,https://plus.unsplash.com/premium_photo-1661632845952-7adc4e486574?ixlib=rb-4.0.3&ixid=MnwxMjA3fDB8MHxzZWFyY2h8MTl8fGRyYXdlcnxlbnwwfHwwfHw%3D&auto=format&fit=crop&w=500&q=60,"Data capital develop test often assume analysis police. Effort up effort boy only.
Full music financial audience respond. Avoid want peace quickly chair my assume.",3,2,4,2020-10-12 06:32:46.430894
81, etoile, 에뜨왈,70.75931387266881,D3,https://images.unsplash.com/photo-1617132926435-b05d1251553c?ixlib=rb-4.0.3&ixid=MnwxMjA3fDB8MHxzZWFyY2h8OXx8ZHJhd2VyfGVufDB8fDB8fA%3D%3D&auto=format&fit=crop&w=500&q=60,https://plus.unsplash.com/premium_photo-1661632845952-7adc4e486574?ixlib=rb-4.0.3&ixid=MnwxMjA3fDB8MHxzZWFyY2h8MTl8fGRyYXdlcnxlbnwwfHwwfHw%3D&auto=format&fit=crop&w=500&q=60,"Ready travel seat miss. Sit community anyone along.
Some cost test stock. Sister hair beyond wish move event. Million reduce which. Able hard describe.",0,5,4,2021-08-27 06:32:46.430894
82, félicitations, 페리씨타씨옹,11.9054925471621,D4,https://images.unsplash.com/photo-1617132926435-b05d1251553c?ixlib=rb-4.0.3&ixid=MnwxMjA3fDB8MHxzZWFyY2h8OXx8ZHJhd2VyfGVufDB8fDB8fA%3D%3D&auto=format&fit=crop&w=500&q=60,https://plus.unsplash.com/premium_photo-1661632845952-7adc4e486574?ixlib=rb-4.0.3&ixid=MnwxMjA3fDB8MHxzZWFyY2h8MTl8fGRyYXdlcnxlbnwwfHwwfHw%3D&auto=format&fit=crop&w=500&q=60,"Add miss country day front admit score. Check clear walk. Music same guy mean hot house power.
Law computer involve country. North live next end. Do traditional small quickly science woman kid.",2,2,4,2020-05-24 06:32:46.430894
83, flâner, 프라네,86.40212873635109,D5,https://images.unsplash.com/photo-1617132926435-b05d1251553c?ixlib=rb-4.0.3&ixid=MnwxMjA3fDB8MHxzZWFyY2h8OXx8ZHJhd2VyfGVufDB8fDB8fA%3D%3D&auto=format&fit=crop&w=500&q=60,https://plus.unsplash.com/premium_photo-1661632845952-7adc4e486574?ixlib=rb-4.0.3&ixid=MnwxMjA3fDB8MHxzZWFyY2h8MTl8fGRyYXdlcnxlbnwwfHwwfHw%3D&auto=format&fit=crop&w=500&q=60,"Safe network force that training. Beyond key point.
Kitchen well consumer could free scene. Friend minute section also ago peace. Ask explain specific former probably figure.",4,0,4,2022-04-16 06:32:46.430894
84, gentil, 졍티,79.1281371815919,D6,https://images.unsplash.com/photo-1617132926435-b05d1251553c?ixlib=rb-4.0.3&ixid=MnwxMjA3fDB8MHxzZWFyY2h8OXx8ZHJhd2VyfGVufDB8fDB8fA%3D%3D&auto=format&fit=crop&w=500&q=60,https://plus.unsplash.com/premium_photo-1661632845952-7adc4e486574?ixlib=rb-4.0.3&ixid=MnwxMjA3fDB8MHxzZWFyY2h8MTl8fGRyYXdlcnxlbnwwfHwwfHw%3D&auto=format&fit=crop&w=500&q=60,"Star campaign sea attorney kind down. Discuss read recent bill. Region wind product not.
Offer entire heavy reflect detail woman. Cultural debate weight card cell three.",5,8,4,2021-05-02 06:32:46.430894
85, meilleur, 메여,11.563915359357713,D7,https://images.unsplash.com/photo-1617132926435-b05d1251553c?ixlib=rb-4.0.3&ixid=MnwxMjA3fDB8MHxzZWFyY2h8OXx8ZHJhd2VyfGVufDB8fDB8fA%3D%3D&auto=format&fit=crop&w=500&q=60,https://plus.unsplash.com/premium_photo-1661632845952-7adc4e486574?ixlib=rb-4.0.3&ixid=MnwxMjA3fDB8MHxzZWFyY2h8MTl8fGRyYXdlcnxlbnwwfHwwfHw%3D&auto=format&fit=crop&w=500&q=60,Source student beat article model long theory. Their place never difficult agent subject. Product huge officer find.,5,7,4,2022-11-06 06:32:46.430894
86, rayonner, 하요네,88.05618369790028,D8,https://images.unsplash.com/photo-1617132926435-b05d1251553c?ixlib=rb-4.0.3&ixid=MnwxMjA3fDB8MHxzZWFyY2h8OXx8ZHJhd2VyfGVufDB8fDB8fA%3D%3D&auto=format&fit=crop&w=500&q=60,https://plus.unsplash.com/premium_photo-1661632845952-7adc4e486574?ixlib=rb-4.0.3&ixid=MnwxMjA3fDB8MHxzZWFyY2h8MTl8fGRyYXdlcnxlbnwwfHwwfHw%3D&auto=format&fit=crop&w=500&q=60,Campaign should address benefit plan. Campaign significant expect style center friend.,0,4,4,2022-06-21 06:32:46.430894
87, vivant, 비벙,36.28293585129393,D9,https://images.unsplash.com/photo-1617132926435-b05d1251553c?ixlib=rb-4.0.3&ixid=MnwxMjA3fDB8MHxzZWFyY2h8OXx8ZHJhd2VyfGVufDB8fDB8fA%3D%3D&auto=format&fit=crop&w=500&q=60,https://plus.unsplash.com/premium_photo-1661632845952-7adc4e486574?ixlib=rb-4.0.3&ixid=MnwxMjA3fDB8MHxzZWFyY2h8MTl8fGRyYXdlcnxlbnwwfHwwfHw%3D&auto=format&fit=crop&w=500&q=60,"Age school appear approach. Star simply expect property land.
Modern stuff hold environment young. Describe environment forward skill see activity material. Before decade before card government fly.",1,8,4,2020-04-06 06:32:46.430894
88, araignée, 아헤니에,56.47405302340521,D10,https://images.unsplash.com/photo-1617132926435-b05d1251553c?ixlib=rb-4.0.3&ixid=MnwxMjA3fDB8MHxzZWFyY2h8OXx8ZHJhd2VyfGVufDB8fDB8fA%3D%3D&auto=format&fit=crop&w=500&q=60,https://plus.unsplash.com/premium_photo-1661632845952-7adc4e486574?ixlib=rb-4.0.3&ixid=MnwxMjA3fDB8MHxzZWFyY2h8MTl8fGRyYXdlcnxlbnwwfHwwfHw%3D&auto=format&fit=crop&w=500&q=60,Research industry himself five consumer. Car professional performance reveal poor trial miss. Edge door force weight.,1,2,4,2021-02-10 06:32:46.430894
89, blaireau, 브레호,55.684803524529315,D11,https://images.unsplash.com/photo-1617132926435-b05d1251553c?ixlib=rb-4.0.3&ixid=MnwxMjA3fDB8MHxzZWFyY2h8OXx8ZHJhd2VyfGVufDB8fDB8fA%3D%3D&auto=format&fit=crop&w=500&q=60,https://plus.unsplash.com/premium_photo-1661632845952-7adc4e486574?ixlib=rb-4.0.3&ixid=MnwxMjA3fDB8MHxzZWFyY2h8MTl8fGRyYXdlcnxlbnwwfHwwfHw%3D&auto=format&fit=crop&w=500&q=60,"Act fly task avoid free game. Several establish law page paper likely size I.
Live have human history join. Newspaper bring attack pull.",2,1,4,2020-03-16 06:32:46.430894
90, boulangerie, 부렁져히,99.15131540259696,D12,https://images.unsplash.com/photo-1617132926435-b05d1251553c?ixlib=rb-4.0.3&ixid=MnwxMjA3fDB8MHxzZWFyY2h8OXx8ZHJhd2VyfGVufDB8fDB8fA%3D%3D&auto=format&fit=crop&w=500&q=60,https://plus.unsplash.com/premium_photo-1661632845952-7adc4e486574?ixlib=rb-4.0.3&ixid=MnwxMjA3fDB8MHxzZWFyY2h8MTl8fGRyYXdlcnxlbnwwfHwwfHw%3D&auto=format&fit=crop&w=500&q=60,"To claim apply. Pull fire explain learn week.
Check poor himself investment everything body billion. Far various realize alone radio difference option.",3,4,4,2021-08-14 06:32:46.430894
91, camion, 까미옹,56.86352885273707,D13,https://images.unsplash.com/photo-1617132926435-b05d1251553c?ixlib=rb-4.0.3&ixid=MnwxMjA3fDB8MHxzZWFyY2h8OXx8ZHJhd2VyfGVufDB8fDB8fA%3D%3D&auto=format&fit=crop&w=500&q=60,https://plus.unsplash.com/premium_photo-1661632845952-7adc4e486574?ixlib=rb-4.0.3&ixid=MnwxMjA3fDB8MHxzZWFyY2h8MTl8fGRyYXdlcnxlbnwwfHwwfHw%3D&auto=format&fit=crop&w=500&q=60,"And often he then blue. Than evening into less face. Two clear his away away.
Environment education manage community build computer. Item fear minute mention course. Onto leg small know past.",1,1,4,2020-02-08 06:32:46.430894
92, la mer, 라 메흐,62.474512300999166,D14,https://images.unsplash.com/photo-1617132926435-b05d1251553c?ixlib=rb-4.0.3&ixid=MnwxMjA3fDB8MHxzZWFyY2h8OXx8ZHJhd2VyfGVufDB8fDB8fA%3D%3D&auto=format&fit=crop&w=500&q=60,https://plus.unsplash.com/premium_photo-1661632845952-7adc4e486574?ixlib=rb-4.0.3&ixid=MnwxMjA3fDB8MHxzZWFyY2h8MTl8fGRyYXdlcnxlbnwwfHwwfHw%3D&auto=format&fit=crop&w=500&q=60,"Control there piece report let down mind.
Defense tree stage include purpose. Stand international opportunity success officer.",3,1,4,2022-07-05 06:32:46.430894
93, chanson, 샹쏭,83.10920510953552,D15,https://images.unsplash.com/photo-1617132926435-b05d1251553c?ixlib=rb-4.0.3&ixid=MnwxMjA3fDB8MHxzZWFyY2h8OXx8ZHJhd2VyfGVufDB8fDB8fA%3D%3D&auto=format&fit=crop&w=500&q=60,https://plus.unsplash.com/premium_photo-1661632845952-7adc4e486574?ixlib=rb-4.0.3&ixid=MnwxMjA3fDB8MHxzZWFyY2h8MTl8fGRyYXdlcnxlbnwwfHwwfHw%3D&auto=format&fit=crop&w=500&q=60,Source chance minute watch table service. Friend become claim fire score billion significant.,1,9,4,2020-08-14 06:32:46.430894
94, coccinelle, 콕씨넬,75.73174065357473,D16,https://images.unsplash.com/photo-1617132926435-b05d1251553c?ixlib=rb-4.0.3&ixid=MnwxMjA3fDB8MHxzZWFyY2h8OXx8ZHJhd2VyfGVufDB8fDB8fA%3D%3D&auto=format&fit=crop&w=500&q=60,https://plus.unsplash.com/premium_photo-1661632845952-7adc4e486574?ixlib=rb-4.0.3&ixid=MnwxMjA3fDB8MHxzZWFyY2h8MTl8fGRyYXdlcnxlbnwwfHwwfHw%3D&auto=format&fit=crop&w=500&q=60,"Fund stop star near. Civil most safe station continue.
Suffer understand score bit so model early science. Dog car seat specific.",4,1,4,2022-06-01 06:32:46.430894
95, deuxième, 두지엠,51.78175192499661,D17,https://images.unsplash.com/photo-1617132926435-b05d1251553c?ixlib=rb-4.0.3&ixid=MnwxMjA3fDB8MHxzZWFyY2h8OXx8ZHJhd2VyfGVufDB8fDB8fA%3D%3D&auto=format&fit=crop&w=500&q=60,https://plus.unsplash.com/premium_photo-1661632845952-7adc4e486574?ixlib=rb-4.0.3&ixid=MnwxMjA3fDB8MHxzZWFyY2h8MTl8fGRyYXdlcnxlbnwwfHwwfHw%3D&auto=format&fit=crop&w=500&q=60,"Space get heavy whole enough help mean building. Task message hard mean college those.
Staff end approach toward. Pressure standard science. Scientist thought would front daughter task detail.",1,2,4,2020-11-28 06:32:46.430894
96, jonquille, 종키,99.3455110828737,D18,https://images.unsplash.com/photo-1617132926435-b05d1251553c?ixlib=rb-4.0.3&ixid=MnwxMjA3fDB8MHxzZWFyY2h8OXx8ZHJhd2VyfGVufDB8fDB8fA%3D%3D&auto=format&fit=crop&w=500&q=60,https://plus.unsplash.com/premium_photo-1661632845952-7adc4e486574?ixlib=rb-4.0.3&ixid=MnwxMjA3fDB8MHxzZWFyY2h8MTl8fGRyYXdlcnxlbnwwfHwwfHw%3D&auto=format&fit=crop&w=500&q=60,"Ten look despite entire account sometimes. Pick base dinner push send.
Father job which born number. Easy these happen follow.",0,7,4,2022-03-31 06:32:46.430894
97, poisson, 포아쏭,15.390761402970144,D19,https://images.unsplash.com/photo-1617132926435-b05d1251553c?ixlib=rb-4.0.3&ixid=MnwxMjA3fDB8MHxzZWFyY2h8OXx8ZHJhd2VyfGVufDB8fDB8fA%3D%3D&auto=format&fit=crop&w=500&q=60,https://plus.unsplash.com/premium_photo-1661632845952-7adc4e486574?ixlib=rb-4.0.3&ixid=MnwxMjA3fDB8MHxzZWFyY2h8MTl8fGRyYXdlcnxlbnwwfHwwfHw%3D&auto=format&fit=crop&w=500&q=60,Manager peace across late very. Sell grow night wish. Blue range whole race. Hit able west.,1,4,4,2020-12-06 06:32:46.430894
98, troisième, 트와지엠,33.50015661225583,D20,https://images.unsplash.com/photo-1617132926435-b05d1251553c?ixlib=rb-4.0.3&ixid=MnwxMjA3fDB8MHxzZWFyY2h8OXx8ZHJhd2VyfGVufDB8fDB8fA%3D%3D&auto=format&fit=crop&w=500&q=60,https://plus.unsplash.com/premium_photo-1661632845952-7adc4e486574?ixlib=rb-4.0.3&ixid=MnwxMjA3fDB8MHxzZWFyY2h8MTl8fGRyYXdlcnxlbnwwfHwwfHw%3D&auto=format&fit=crop&w=500&q=60,"Affect grow focus deal degree. Film ago foot us time believe.
Keep continue develop author behind word.
Work box feeling thank sing policy movie. Religious project manager movie single society.",3,10,4,2022-05-27 06:32:46.430894
99, Le Monde, 르 몽드,9.745391102191547,D21,https://images.unsplash.com/photo-1617132926435-b05d1251553c?ixlib=rb-4.0.3&ixid=MnwxMjA3fDB8MHxzZWFyY2h8OXx8ZHJhd2VyfGVufDB8fDB8fA%3D%3D&auto=format&fit=crop&w=500&q=60,https://plus.unsplash.com/premium_photo-1661632845952-7adc4e486574?ixlib=rb-4.0.3&ixid=MnwxMjA3fDB8MHxzZWFyY2h8MTl8fGRyYXdlcnxlbnwwfHwwfHw%3D&auto=format&fit=crop&w=500&q=60,"Suddenly office newspaper heart hand. Rate too use few base raise thus.
Recognize certain cost whose nearly. Trial group scene add character risk campaign.",3,6,4,2020-08-13 06:32:46.430894
100, La Croix, 라 끄와,97.99667137062734,D22,https://images.unsplash.com/photo-1617132926435-b05d1251553c?ixlib=rb-4.0.3&ixid=MnwxMjA3fDB8MHxzZWFyY2h8OXx8ZHJhd2VyfGVufDB8fDB8fA%3D%3D&auto=format&fit=crop&w=500&q=60,https://plus.unsplash.com/premium_photo-1661632845952-7adc4e486574?ixlib=rb-4.0.3&ixid=MnwxMjA3fDB8MHxzZWFyY2h8MTl8fGRyYXdlcnxlbnwwfHwwfHw%3D&auto=format&fit=crop&w=500&q=60,"Early rock throughout have room stuff.
Score example official draw. Physical where hit score half three. Market option policy popular sort herself street.",0,4,4,2020-05-10 06:32:46.430894
101, Le Parisien, 르 파히지엉,67.4403123533594,D23,https://images.unsplash.com/photo-1617132926435-b05d1251553c?ixlib=rb-4.0.3&ixid=MnwxMjA3fDB8MHxzZWFyY2h8OXx8ZHJhd2VyfGVufDB8fDB8fA%3D%3D&auto=format&fit=crop&w=500&q=60,https://plus.unsplash.com/premium_photo-1661632845952-7adc4e486574?ixlib=rb-4.0.3&ixid=MnwxMjA3fDB8MHxzZWFyY2h8MTl8fGRyYXdlcnxlbnwwfHwwfHw%3D&auto=format&fit=crop&w=500&q=60,Network market whatever music win I. Require seek American attention carry. Billion peace wonder cultural information skin. Example mention either lose determine society ahead.,3,0,4,2022-02-06 06:32:46.430894
102, le plus, 르 쁠루,15.034271325057935,D24,https://images.unsplash.com/photo-1617132926435-b05d1251553c?ixlib=rb-4.0.3&ixid=MnwxMjA3fDB8MHxzZWFyY2h8OXx8ZHJhd2VyfGVufDB8fDB8fA%3D%3D&auto=format&fit=crop&w=500&q=60,https://plus.unsplash.com/premium_photo-1661632845952-7adc4e486574?ixlib=rb-4.0.3&ixid=MnwxMjA3fDB8MHxzZWFyY2h8MTl8fGRyYXdlcnxlbnwwfHwwfHw%3D&auto=format&fit=crop&w=500&q=60,"Your never attention hold perform computer. Music goal inside laugh.
Official key eight low. Want somebody prove campaign relate. Affect give decision send practice board front.",3,4,4,2022-10-05 06:32:46.430894
103, de la guerre, 드 라 게흐,39.425591983198025,D25,https://images.unsplash.com/photo-1617132926435-b05d1251553c?ixlib=rb-4.0.3&ixid=MnwxMjA3fDB8MHxzZWFyY2h8OXx8ZHJhd2VyfGVufDB8fDB8fA%3D%3D&auto=format&fit=crop&w=500&q=60,https://plus.unsplash.com/premium_photo-1661632845952-7adc4e486574?ixlib=rb-4.0.3&ixid=MnwxMjA3fDB8MHxzZWFyY2h8MTl8fGRyYXdlcnxlbnwwfHwwfHw%3D&auto=format&fit=crop&w=500&q=60,"Author idea be mention charge both treat despite. Test American admit modern through from.
Image turn future agent religious side per. Indeed really figure at economic food rock.",2,1,4,2021-07-25 06:32:46.430894
104, les école, 레 제꼴,22.542821459162266,E0,https://images.unsplash.com/photo-1586023492125-27b2c045efd7?ixlib=rb-4.0.3&ixid=MnwxMjA3fDB8MHxzZWFyY2h8MTh8fGNoYWlyfGVufDB8fDB8fA%3D%3D&auto=format&fit=crop&w=500&q=60,https://media.istockphoto.com/id/1331305169/photo/black-man-using-smartphone-sitting-in-armchair-near-gray-wall.jpg?b=1&s=170667a&w=0&k=20&c=41-ql-_GQ117LJpvKeZ9gdzSfZMRMFu43x_exDUs6hw=,"Way market sure up watch want fight. Current big interest. Laugh expect hold find.
Whose under measure our cultural head real. Far management fund major word claim occur.",2,8,5,2020-09-12 06:32:46.430894
105, lundi, 렁디,28.591921380116037,E1,https://images.unsplash.com/photo-1586023492125-27b2c045efd7?ixlib=rb-4.0.3&ixid=MnwxMjA3fDB8MHxzZWFyY2h8MTh8fGNoYWlyfGVufDB8fDB8fA%3D%3D&auto=format&fit=crop&w=500&q=60,https://media.istockphoto.com/id/1331305169/photo/black-man-using-smartphone-sitting-in-armchair-near-gray-wall.jpg?b=1&s=170667a&w=0&k=20&c=41-ql-_GQ117LJpvKeZ9gdzSfZMRMFu43x_exDUs6hw=,Town draw west practice. Need course short allow speech buy future. Begin industry marriage system always although. Evidence imagine test major method suddenly scientist.,4,4,5,2020-12-13 06:32:46.430894
106, le froid, 르 프화,70.33496612659283,E2,https://images.unsplash.com/photo-1586023492125-27b2c045efd7?ixlib=rb-4.0.3&ixid=MnwxMjA3fDB8MHxzZWFyY2h8MTh8fGNoYWlyfGVufDB8fDB8fA%3D%3D&auto=format&fit=crop&w=500&q=60,https://media.istockphoto.com/id/1331305169/photo/black-man-using-smartphone-sitting-in-armchair-near-gray-wall.jpg?b=1&s=170667a&w=0&k=20&c=41-ql-_GQ117LJpvKeZ9gdzSfZMRMFu43x_exDUs6hw=,Manage pretty eye heavy visit there. Care concern face recognize two when feel he. Picture no enjoy statement. Laugh energy ball agreement glass.,2,10,5,2021-05-30 06:32:46.430894
107, montagne, 몽타녀,56.89720475584751,E3,https://images.unsplash.com/photo-1586023492125-27b2c045efd7?ixlib=rb-4.0.3&ixid=MnwxMjA3fDB8MHxzZWFyY2h8MTh8fGNoYWlyfGVufDB8fDB8fA%3D%3D&auto=format&fit=crop&w=500&q=60,https://media.istockphoto.com/id/1331305169/photo/black-man-using-smartphone-sitting-in-armchair-near-gray-wall.jpg?b=1&s=170667a&w=0&k=20&c=41-ql-_GQ117LJpvKeZ9gdzSfZMRMFu43x_exDUs6hw=,"Reflect write wall. Give discover walk note protect happy certainly board.
Present recently she often. Window book certainly.",5,0,5,2020-08-27 06:32:46.430894
108, la neige, 라 네지,92.2913464358615,E4,https://images.unsplash.com/photo-1586023492125-27b2c045efd7?ixlib=rb-4.0.3&ixid=MnwxMjA3fDB8MHxzZWFyY2h8MTh8fGNoYWlyfGVufDB8fDB8fA%3D%3D&auto=format&fit=crop&w=500&q=60,https://media.istockphoto.com/id/1331305169/photo/black-man-using-smartphone-sitting-in-armchair-near-gray-wall.jpg?b=1&s=170667a&w=0&k=20&c=41-ql-_GQ117LJpvKeZ9gdzSfZMRMFu43x_exDUs6hw=,Hot specific PM its. Affect measure will executive improve effect country trial.,0,2,5,2022-06-12 06:32:46.430894
109, la présentation, 라 프헤성타시옹,30.22862808504845,E5,https://images.unsplash.com/photo-1586023492125-27b2c045efd7?ixlib=rb-4.0.3&ixid=MnwxMjA3fDB8MHxzZWFyY2h8MTh8fGNoYWlyfGVufDB8fDB8fA%3D%3D&auto=format&fit=crop&w=500&q=60,https://media.istockphoto.com/id/1331305169/photo/black-man-using-smartphone-sitting-in-armchair-near-gray-wall.jpg?b=1&s=170667a&w=0&k=20&c=41-ql-_GQ117LJpvKeZ9gdzSfZMRMFu43x_exDUs6hw=,Market degree star us pressure as. Answer there foreign the with activity head. Opportunity population direction center very.,4,2,5,2020-04-09 06:32:46.430894
110, décembre, 데썽브흐,4.713905905248783,E6,https://images.unsplash.com/photo-1586023492125-27b2c045efd7?ixlib=rb-4.0.3&ixid=MnwxMjA3fDB8MHxzZWFyY2h8MTh8fGNoYWlyfGVufDB8fDB8fA%3D%3D&auto=format&fit=crop&w=500&q=60,https://media.istockphoto.com/id/1331305169/photo/black-man-using-smartphone-sitting-in-armchair-near-gray-wall.jpg?b=1&s=170667a&w=0&k=20&c=41-ql-_GQ117LJpvKeZ9gdzSfZMRMFu43x_exDUs6hw=,"Wear act partner. Marriage manager through establish. Dog city successful else change.
Next debate international ago. Remember building hold together. Pressure attention remember include.",4,1,5,2022-11-22 06:32:46.430894
111, Découvrez, 데쿠브헤,8.993412649973587,E7,https://images.unsplash.com/photo-1586023492125-27b2c045efd7?ixlib=rb-4.0.3&ixid=MnwxMjA3fDB8MHxzZWFyY2h8MTh8fGNoYWlyfGVufDB8fDB8fA%3D%3D&auto=format&fit=crop&w=500&q=60,https://media.istockphoto.com/id/1331305169/photo/black-man-using-smartphone-sitting-in-armchair-near-gray-wall.jpg?b=1&s=170667a&w=0&k=20&c=41-ql-_GQ117LJpvKeZ9gdzSfZMRMFu43x_exDUs6hw=,He push pass happy detail majority form. Down politics avoid edge every civil final simply.,3,0,5,2021-10-01 06:32:46.430894
112, le classement, 라 끌라스멍,72.08532563809212,E8,https://images.unsplash.com/photo-1586023492125-27b2c045efd7?ixlib=rb-4.0.3&ixid=MnwxMjA3fDB8MHxzZWFyY2h8MTh8fGNoYWlyfGVufDB8fDB8fA%3D%3D&auto=format&fit=crop&w=500&q=60,https://media.istockphoto.com/id/1331305169/photo/black-man-using-smartphone-sitting-in-armchair-near-gray-wall.jpg?b=1&s=170667a&w=0&k=20&c=41-ql-_GQ117LJpvKeZ9gdzSfZMRMFu43x_exDUs6hw=,"Federal clear when shake lose father seat. Business decade field black color. Provide end item surface.
Oil president behind lay name ten. Evening girl future red hot.",0,1,5,2022-02-07 06:32:46.430894
113, Le centre-ville, 르 썽트흐 비,5.488637202868674,E9,https://images.unsplash.com/photo-1586023492125-27b2c045efd7?ixlib=rb-4.0.3&ixid=MnwxMjA3fDB8MHxzZWFyY2h8MTh8fGNoYWlyfGVufDB8fDB8fA%3D%3D&auto=format&fit=crop&w=500&q=60,https://media.istockphoto.com/id/1331305169/photo/black-man-using-smartphone-sitting-in-armchair-near-gray-wall.jpg?b=1&s=170667a&w=0&k=20&c=41-ql-_GQ117LJpvKeZ9gdzSfZMRMFu43x_exDUs6hw=,"One expect just best bit small. Start region threat every want positive. Able without deep want power citizen pick instead.
Home unit left deep whom wrong give. Son themselves building land.",2,10,5,2021-11-24 06:32:46.430894
114, La périphérie, 라 페히페히,29.686136544404896,E10,https://images.unsplash.com/photo-1586023492125-27b2c045efd7?ixlib=rb-4.0.3&ixid=MnwxMjA3fDB8MHxzZWFyY2h8MTh8fGNoYWlyfGVufDB8fDB8fA%3D%3D&auto=format&fit=crop&w=500&q=60,https://media.istockphoto.com/id/1331305169/photo/black-man-using-smartphone-sitting-in-armchair-near-gray-wall.jpg?b=1&s=170667a&w=0&k=20&c=41-ql-_GQ117LJpvKeZ9gdzSfZMRMFu43x_exDUs6hw=,Actually control mother class fast throw phone. Child situation better build. Television only on style oil the watch significant.,4,7,5,2022-11-12 06:32:46.430894
115, explication, 엑스플리까시옹,98.86711459737478,E11,https://images.unsplash.com/photo-1586023492125-27b2c045efd7?ixlib=rb-4.0.3&ixid=MnwxMjA3fDB8MHxzZWFyY2h8MTh8fGNoYWlyfGVufDB8fDB8fA%3D%3D&auto=format&fit=crop&w=500&q=60,https://media.istockphoto.com/id/1331305169/photo/black-man-using-smartphone-sitting-in-armchair-near-gray-wall.jpg?b=1&s=170667a&w=0&k=20&c=41-ql-_GQ117LJpvKeZ9gdzSfZMRMFu43x_exDUs6hw=,Discussion anyone hospital still fine environment common. Contain social common pick test same listen. Will agent unit take child effort. Tax travel window.,3,9,5,2021-10-06 06:32:46.430894
116, aussi, 오씨,82.9297072347693,E12,https://images.unsplash.com/photo-1586023492125-27b2c045efd7?ixlib=rb-4.0.3&ixid=MnwxMjA3fDB8MHxzZWFyY2h8MTh8fGNoYWlyfGVufDB8fDB8fA%3D%3D&auto=format&fit=crop&w=500&q=60,https://media.istockphoto.com/id/1331305169/photo/black-man-using-smartphone-sitting-in-armchair-near-gray-wall.jpg?b=1&s=170667a&w=0&k=20&c=41-ql-_GQ117LJpvKeZ9gdzSfZMRMFu43x_exDUs6hw=,Speak center cultural specific physical traditional. Hundred live do church though former at. Increase fear surface increase color.,3,9,5,2021-09-18 06:32:46.430894
117, jusqu'à quand, 쥬스까 껑,80.6624562160495,E13,https://images.unsplash.com/photo-1586023492125-27b2c045efd7?ixlib=rb-4.0.3&ixid=MnwxMjA3fDB8MHxzZWFyY2h8MTh8fGNoYWlyfGVufDB8fDB8fA%3D%3D&auto=format&fit=crop&w=500&q=60,https://media.istockphoto.com/id/1331305169/photo/black-man-using-smartphone-sitting-in-armchair-near-gray-wall.jpg?b=1&s=170667a&w=0&k=20&c=41-ql-_GQ117LJpvKeZ9gdzSfZMRMFu43x_exDUs6hw=,"Same save ahead carry instead question. Take pay yard appear claim situation.
Authority fish child yes perform. Have plan hold page whom writer specific.",3,6,5,2021-02-02 06:32:46.430894
118, Jardin, 자흐당,47.06527384099346,E14,https://images.unsplash.com/photo-1586023492125-27b2c045efd7?ixlib=rb-4.0.3&ixid=MnwxMjA3fDB8MHxzZWFyY2h8MTh8fGNoYWlyfGVufDB8fDB8fA%3D%3D&auto=format&fit=crop&w=500&q=60,https://media.istockphoto.com/id/1331305169/photo/black-man-using-smartphone-sitting-in-armchair-near-gray-wall.jpg?b=1&s=170667a&w=0&k=20&c=41-ql-_GQ117LJpvKeZ9gdzSfZMRMFu43x_exDUs6hw=,"Order result above own amount. Thought music tell.
What travel religious city modern arrive low. Many lay world role establish develop tonight. Career save someone notice end nature country.",2,9,5,2020-12-22 06:32:46.430894
119, Après la mort, 아프헤 라 모흐,40.3838598527948,E15,https://images.unsplash.com/photo-1586023492125-27b2c045efd7?ixlib=rb-4.0.3&ixid=MnwxMjA3fDB8MHxzZWFyY2h8MTh8fGNoYWlyfGVufDB8fDB8fA%3D%3D&auto=format&fit=crop&w=500&q=60,https://media.istockphoto.com/id/1331305169/photo/black-man-using-smartphone-sitting-in-armchair-near-gray-wall.jpg?b=1&s=170667a&w=0&k=20&c=41-ql-_GQ117LJpvKeZ9gdzSfZMRMFu43x_exDUs6hw=,"Democrat including will western. Each tough toward question partner.
Seat store this foreign. Thus those land final state.",3,1,5,2020-09-20 06:32:46.430894
120, La Personnel, 라 펙쏘넬,97.17081199729557,E16,https://images.unsplash.com/photo-1586023492125-27b2c045efd7?ixlib=rb-4.0.3&ixid=MnwxMjA3fDB8MHxzZWFyY2h8MTh8fGNoYWlyfGVufDB8fDB8fA%3D%3D&auto=format&fit=crop&w=500&q=60,https://media.istockphoto.com/id/1331305169/photo/black-man-using-smartphone-sitting-in-armchair-near-gray-wall.jpg?b=1&s=170667a&w=0&k=20&c=41-ql-_GQ117LJpvKeZ9gdzSfZMRMFu43x_exDUs6hw=,"Line environment land establish. Agreement town good management.
Back outside return can. Produce key science son manager able fill.
Education off important play. Tell health game across.",5,8,5,2020-06-05 06:32:46.430894
121, Le ministre, 르 미니스트흐,66.92143107023008,E17,https://images.unsplash.com/photo-1586023492125-27b2c045efd7?ixlib=rb-4.0.3&ixid=MnwxMjA3fDB8MHxzZWFyY2h8MTh8fGNoYWlyfGVufDB8fDB8fA%3D%3D&auto=format&fit=crop&w=500&q=60,https://media.istockphoto.com/id/1331305169/photo/black-man-using-smartphone-sitting-in-armchair-near-gray-wall.jpg?b=1&s=170667a&w=0&k=20&c=41-ql-_GQ117LJpvKeZ9gdzSfZMRMFu43x_exDUs6hw=,Dark someone wide personal age. Forward parent community nice message heart those. Mean game different entire fall always rich.,4,6,5,2020-02-16 06:32:46.430894
122, Divergences, 디베흐졍스,41.28611721678737,E18,https://images.unsplash.com/photo-1586023492125-27b2c045efd7?ixlib=rb-4.0.3&ixid=MnwxMjA3fDB8MHxzZWFyY2h8MTh8fGNoYWlyfGVufDB8fDB8fA%3D%3D&auto=format&fit=crop&w=500&q=60,https://media.istockphoto.com/id/1331305169/photo/black-man-using-smartphone-sitting-in-armchair-near-gray-wall.jpg?b=1&s=170667a&w=0&k=20&c=41-ql-_GQ117LJpvKeZ9gdzSfZMRMFu43x_exDUs6hw=,"Cause scene feel American. Six seem pass. All ground cultural subject address maybe fill.
Use south what effort. Black born data especially. Health relationship Republican agree.",0,6,5,2022-07-21 06:32:46.430894
123, Histoire, 이스토와,50.03383120432156,E19,https://images.unsplash.com/photo-1586023492125-27b2c045efd7?ixlib=rb-4.0.3&ixid=MnwxMjA3fDB8MHxzZWFyY2h8MTh8fGNoYWlyfGVufDB8fDB8fA%3D%3D&auto=format&fit=crop&w=500&q=60,https://media.istockphoto.com/id/1331305169/photo/black-man-using-smartphone-sitting-in-armchair-near-gray-wall.jpg?b=1&s=170667a&w=0&k=20&c=41-ql-_GQ117LJpvKeZ9gdzSfZMRMFu43x_exDUs6hw=,"Follow yard vote east. Option year former dog want majority.
Rather region expect director ever sort. Response understand clearly cut. Program issue fire for.",1,4,5,2021-09-19 06:32:46.430894
124, Les États-Unis, 레 제타쥬니,63.52550841285438,E20,https://images.unsplash.com/photo-1586023492125-27b2c045efd7?ixlib=rb-4.0.3&ixid=MnwxMjA3fDB8MHxzZWFyY2h8MTh8fGNoYWlyfGVufDB8fDB8fA%3D%3D&auto=format&fit=crop&w=500&q=60,https://media.istockphoto.com/id/1331305169/photo/black-man-using-smartphone-sitting-in-armchair-near-gray-wall.jpg?b=1&s=170667a&w=0&k=20&c=41-ql-_GQ117LJpvKeZ9gdzSfZMRMFu43x_exDUs6hw=,Whether rich beat. Painting until although lawyer positive few. Example computer both term.,4,3,5,2021-01-06 06:32:46.430894
125, Regarder, 흐가흐데,42.74518930024186,E21,https://images.unsplash.com/photo-1586023492125-27b2c045efd7?ixlib=rb-4.0.3&ixid=MnwxMjA3fDB8MHxzZWFyY2h8MTh8fGNoYWlyfGVufDB8fDB8fA%3D%3D&auto=format&fit=crop&w=500&q=60,https://media.istockphoto.com/id/1331305169/photo/black-man-using-smartphone-sitting-in-armchair-near-gray-wall.jpg?b=1&s=170667a&w=0&k=20&c=41-ql-_GQ117LJpvKeZ9gdzSfZMRMFu43x_exDUs6hw=,"To white always form. Response very scientist project nearly. Six way rule lead. Police new treatment close your tough usually.
Election cup perhaps paper population spend anyone.",0,1,5,2020-04-20 06:32:46.430894
126, Riches, 히쉬,96.10006627703751,E22,https://images.unsplash.com/photo-1586023492125-27b2c045efd7?ixlib=rb-4.0.3&ixid=MnwxMjA3fDB8MHxzZWFyY2h8MTh8fGNoYWlyfGVufDB8fDB8fA%3D%3D&auto=format&fit=crop&w=500&q=60,https://media.istockphoto.com/id/1331305169/photo/black-man-using-smartphone-sitting-in-armchair-near-gray-wall.jpg?b=1&s=170667a&w=0&k=20&c=41-ql-_GQ117LJpvKeZ9gdzSfZMRMFu43x_exDUs6hw=,No specific one education magazine condition. Middle system animal like staff foreign follow.,3,8,5,2020-01-21 06:32:46.430894
127, La classe, 라 클라스,62.249355728726705,E23,https://images.unsplash.com/photo-1586023492125-27b2c045efd7?ixlib=rb-4.0.3&ixid=MnwxMjA3fDB8MHxzZWFyY2h8MTh8fGNoYWlyfGVufDB8fDB8fA%3D%3D&auto=format&fit=crop&w=500&q=60,https://media.istockphoto.com/id/1331305169/photo/black-man-using-smartphone-sitting-in-armchair-near-gray-wall.jpg?b=1&s=170667a&w=0&k=20&c=41-ql-_GQ117LJpvKeZ9gdzSfZMRMFu43x_exDUs6hw=,"Or fill born guy ok. Never north offer figure during mention form. Best while image condition across.
Oil weight down boy couple free. Single per even memory budget western second anyone.",2,7,5,2020-02-03 06:32:46.430894
128, Du terrain, 듀 떼항,55.04531508423314,E24,https://images.unsplash.com/photo-1586023492125-27b2c045efd7?ixlib=rb-4.0.3&ixid=MnwxMjA3fDB8MHxzZWFyY2h8MTh8fGNoYWlyfGVufDB8fDB8fA%3D%3D&auto=format&fit=crop&w=500&q=60,https://media.istockphoto.com/id/1331305169/photo/black-man-using-smartphone-sitting-in-armchair-near-gray-wall.jpg?b=1&s=170667a&w=0&k=20&c=41-ql-_GQ117LJpvKeZ9gdzSfZMRMFu43x_exDUs6hw=,"Commercial necessary until degree fine. Finish teach agent little.
Turn activity age it spring. Success number who exactly.
Second skill able more their method. Fly indeed daughter year expert.",5,3,5,2020-01-23 06:32:46.430894
129, Directeur, 디헥떠,13.823347920946617,E25,https://images.unsplash.com/photo-1586023492125-27b2c045efd7?ixlib=rb-4.0.3&ixid=MnwxMjA3fDB8MHxzZWFyY2h8MTh8fGNoYWlyfGVufDB8fDB8fA%3D%3D&auto=format&fit=crop&w=500&q=60,https://media.istockphoto.com/id/1331305169/photo/black-man-using-smartphone-sitting-in-armchair-near-gray-wall.jpg?b=1&s=170667a&w=0&k=20&c=41-ql-_GQ117LJpvKeZ9gdzSfZMRMFu43x_exDUs6hw=,"Easy Mr share collection leg.
Reduce price rule director. Build keep although week true natural technology. Cover three parent. Mrs pretty remain seem.",0,2,5,2021-02-09 06:32:46.430894
